"X","I_Q5","SubmissionDate","start","end","today","deviceid","Enumerator_ID","hhidprovince","hhiddistrict","hhidcommune","HH_ID","I_Q1","hhstatus","I_Q3","I_Q4","T_Q2_1","total_samples","total_similar","Strain","StrainB","Strain_present","date","KYDIEUTRA"
1,325618510,"Apr 23, 2023 9:05:59 PM","Apr 22, 2023 9:31:41 AM","Apr 23, 2023 9:05:36 PM","Apr 22, 2023","357625082134662",5,10,82,2734,8,"Phan A Lý","","option_1","option_1","option_4",3,TRUE,"RIA1","GIFT-derived","GIFT-derived",2023-04-23 21:05:59,2
2,327596279,"Oct 6, 2023 8:28:33 AM","Oct 6, 2023 8:00:07 AM","Oct 6, 2023 8:28:12 AM","Oct 6, 2023","357625082134662",1,14,116,3673,1,"Lèo thị dung","option_1","option_2","option_2","option_2 option_5",5,FALSE,"03_BEST","GIFT-derived","GIFT-derived",2023-10-06 08:28:33,4
4,329519119,"Apr 25, 2023 9:23:28 PM","Apr 25, 2023 10:08:51 AM","Apr 25, 2023 9:23:19 PM","Apr 25, 2023","ca61ed86ba172374",2,82,816,28708,12,"Phạm văn Vũ","","option_1","option_1","option_5",3,TRUE,"RIA1","GIFT-derived","GIFT-derived",2023-04-25 21:23:28,2
5,332624240,"Oct 7, 2023 12:15:34 PM","Oct 7, 2023 11:57:52 AM","Oct 7, 2023 12:15:26 PM","Oct 7, 2023","357625082134662",1,17,157,5320,10,"Bùi văn im","option_1","option_1","option_1","option_5",5,FALSE,"10_Mossambicus","Non-GIFT","GIFT-derived",2023-10-07 12:15:34,4
6,334965965,"Dec 12, 2023 3:18:40 PM","Dec 12, 2023 3:09:39 PM","Dec 12, 2023 3:18:14 PM","Dec 12, 2023","357625082134662",1,8,75,2530,10,"Hoàng Văn Công","option_1","option_1","option_1","option_5",4,TRUE,"RIA1","GIFT-derived","GIFT-derived",2023-12-12 15:18:40,4
7,336150664,"Apr 28, 2023 3:08:42 PM","Apr 28, 2023 2:05:33 PM","Apr 28, 2023 3:08:19 PM","Apr 28, 2023","E4881F81-7CE5-4A9C-BD11-E9E9E0116051",3,4,51,1666,8,"Lê Thị Gấm","","option_2","option_2","option_5",5,TRUE,"RIA1","GIFT-derived","GIFT-derived",2023-04-28 15:08:42,2
8,337774256,"May 6, 2023 10:30:33 AM","May 5, 2023 11:10:06 AM","May 6, 2023 10:29:58 AM","May 5, 2023","357625082134662",5,96,973,32245,15,"Dương Thị Cẩm Hường","","option_1","option_2","option_5",5,TRUE,"RIA1","GIFT-derived","GIFT-derived",2023-05-06 10:30:33,2
9,339901923,"Apr 24, 2023 6:41:18 PM","Apr 24, 2023 4:18:22 PM","Apr 24, 2023 4:57:40 PM","Apr 24, 2023","E4881F81-7CE5-4A9C-BD11-E9E9E0116051",3,8,72,2275,1,"Triệu xuân chiến","","option_1","option_1","option_2",3,FALSE,"10_Mossambicus","Non-GIFT",NA,2023-04-24 18:41:18,2
10,345551951,"Oct 7, 2023 11:02:49 AM","Oct 7, 2023 10:28:34 AM","Oct 7, 2023 11:02:19 AM","Oct 7, 2023","357625082134662",1,17,157,5320,6,"Quách công ích","option_1","option_1","option_1","option_1 option_2",5,TRUE,"RIA1","GIFT-derived","GIFT-derived",2023-10-07 11:02:49,4
11,346078656,"Jun 27, 2023 10:48:00 PM","Jun 27, 2023 5:41:48 PM","Jun 27, 2023 10:47:40 PM","Jun 27, 2023","E4881F81-7CE5-4A9C-BD11-E9E9E0116051",3,15,141,4714,8,"Nguyễn thị trình","option_1","option_1","option_2","option_8",3,TRUE,"RIA1","GIFT-derived","GIFT-derived",2023-06-27 22:48:00,2
12,347338235,"Oct 25, 2023 10:38:12 AM","Oct 23, 2023 8:49:54 PM","Oct 25, 2023 10:11:51 AM","Oct 23, 2023","5649C633-ECEB-4228-BF9C-8EAFBE4AEE2D",2,67,663,24685,1,"Phan Văn Thọ","option_1","option_1","option_1","option_5",4,TRUE,"RIA1","GIFT-derived","GIFT-derived",2023-10-25 10:38:12,4
13,349599270,"Apr 28, 2023 7:48:56 AM","Apr 27, 2023 2:00:54 PM","Apr 28, 2023 7:48:14 AM","Apr 27, 2023","357625082134662",5,25,232,8179,1,"Hoàng Thị Dung","","option_2","option_2","option_8",5,FALSE,"Unassigned",NA,"GIFT-derived",2023-04-28 07:48:56,2
14,353069487,"Jun 21, 2023 10:50:05 PM","Jun 21, 2023 9:13:25 AM","Jun 21, 2023 10:49:05 PM","Jun 21, 2023","0AED3878-A257-4CDA-8785-9CC74942B7FD",4,96,967,32069,2,"Nguyễn thị thê","option_1","option_1","option_2","option_1",5,TRUE,"10_Mossambicus","Non-GIFT","Non-GIFT",2023-06-21 22:50:05,2
15,353743668,"Jun 22, 2023 9:23:12 PM","Jun 22, 2023 10:31:00 AM","Jun 22, 2023 9:07:18 PM","Jun 22, 2023","0AED3878-A257-4CDA-8785-9CC74942B7FD",4,96,967,32077,5,"Nguyễn Thị Búp","option_1","option_3","option_2","option_1",5,TRUE,"10_Mossambicus","Non-GIFT","Non-GIFT",2023-06-22 21:23:12,2
16,354504990,"Apr 23, 2023 5:22:56 PM","Apr 23, 2023 9:33:55 AM","Apr 23, 2023 10:25:02 AM","Apr 23, 2023","E4881F81-7CE5-4A9C-BD11-E9E9E0116051",3,8,74,2383,10,"Nguyễn Thị Thu","","option_2","option_2","option_2",3,TRUE,"RIA1","GIFT-derived","GIFT-derived",2023-04-23 17:22:56,2
17,356464167,"Dec 23, 2023 10:52:20 PM","Dec 23, 2023 8:48:39 AM","Dec 23, 2023 10:45:06 PM","Dec 23, 2023","8cc7db267ff6e052",5,96,967,32074,6,"Lê Trọng Thuyết","option_1","option_1","option_1","option_1",5,TRUE,"10_Mossambicus","Non-GIFT","Non-GIFT",2023-12-23 22:52:20,4
18,357585695,"Apr 27, 2023 12:22:50 PM","Apr 27, 2023 11:33:29 AM","Apr 27, 2023 12:22:28 PM","Apr 27, 2023","E4881F81-7CE5-4A9C-BD11-E9E9E0116051",3,2,27,811,4,"Vàng Thị Tối","","option_2","option_2","option_2",3,FALSE,"Unassigned",NA,"GIFT-derived",2023-04-27 12:22:50,2
19,357613073,"Apr 24, 2023 6:41:22 PM","Apr 24, 2023 5:14:53 PM","Apr 24, 2023 5:21:50 PM","Apr 24, 2023","E4881F81-7CE5-4A9C-BD11-E9E9E0116051",3,8,72,2275,5,"Phùng thừa thọ","","option_1","option_1","option_2",3,FALSE,"RIA1","GIFT-derived","GIFT-derived",2023-04-24 18:41:22,2
20,358647306,"Dec 13, 2023 3:39:05 PM","Dec 13, 2023 3:32:12 PM","Dec 13, 2023 3:38:52 PM","Dec 13, 2023","357625082134662",1,15,141,4780,12,"Trần Bá Đạt","option_1","option_1","option_1","option_6",5,FALSE,"RIA1","GIFT-derived","GIFT-derived",2023-12-13 15:39:05,4
21,358743425,"Jun 27, 2023 10:48:04 PM","Jun 27, 2023 9:36:32 PM","Jun 27, 2023 10:30:35 PM","Jun 27, 2023","E4881F81-7CE5-4A9C-BD11-E9E9E0116051",3,15,141,4747,11,"Nguyễn văn cường","option_1","option_1","option_1","option_1 option_8",3,TRUE,"RIA1","GIFT-derived","GIFT-derived",2023-06-27 22:48:04,2
22,364733087,"Oct 2, 2023 11:05:51 PM","Oct 2, 2023 10:19:16 PM","Oct 2, 2023 10:45:50 PM","Oct 2, 2023","056cac11318aed22",3,45,466,19519,10,"Trần văn cử","option_1","option_1","option_1","option_5",4,TRUE,"RIA1","GIFT-derived","GIFT-derived",2023-10-02 23:05:51,4
24,368215659,"Apr 23, 2023 5:22:59 PM","Apr 23, 2023 11:24:45 AM","Apr 23, 2023 11:42:47 AM","Apr 23, 2023","E4881F81-7CE5-4A9C-BD11-E9E9E0116051",3,8,74,2383,2,"Lý Văn Út","","option_1","option_1","option_6",3,TRUE,"RIA1","GIFT-derived","GIFT-derived",2023-04-23 17:22:59,2
25,368786123,"Jun 23, 2023 7:10:42 PM","Jun 23, 2023 3:20:23 PM","Jun 23, 2023 4:05:15 PM","Jun 23, 2023","668fa2006a285b94",1,8,75,2464,4,"Nguyễn Văn điện","option_1","option_1","option_1","option_5",4,FALSE,"10_Mossambicus","Non-GIFT",NA,2023-06-23 19:10:42,2
27,369823980,"Oct 2, 2023 11:05:50 PM","Oct 2, 2023 10:54:35 PM","Oct 2, 2023 11:05:28 PM","Oct 2, 2023","056cac11318aed22",3,45,464,19402,13,"Cao duy tuyến","option_1","option_1","option_1","option_5",5,TRUE,"RIA1","GIFT-derived","GIFT-derived",2023-10-02 23:05:50,4
28,372916625,"May 4, 2023 3:32:03 PM","May 4, 2023 2:13:33 PM","May 4, 2023 2:25:13 PM","May 4, 2023","E4881F81-7CE5-4A9C-BD11-E9E9E0116051",3,8,76,2542,7,"Vũ Thị Chuyển","","option_2","option_2","option_8",3,TRUE,"RIA1","GIFT-derived","GIFT-derived",2023-05-04 15:32:03,2
29,374994818,"Apr 24, 2023 10:18:11 PM","Apr 24, 2023 8:27:53 AM","Apr 24, 2023 10:18:07 PM","Apr 24, 2023","668fa2006a285b94",1,40,426,17554,5,"Hoang dinh duong","","option_1","option_1","option_2",4,TRUE,"RIA1","GIFT-derived","GIFT-derived",2023-04-24 22:18:11,2
30,378805712,"Dec 14, 2023 9:20:17 AM","Dec 14, 2023 9:10:20 AM","Dec 14, 2023 9:20:10 AM","Dec 14, 2023","357625082134662",1,25,227,7921,13,"Nguyễn Thị Chuông","option_1","option_4","option_2","option_5",5,TRUE,"RIA1","GIFT-derived","GIFT-derived",2023-12-14 09:20:17,4
31,384112029,"Oct 25, 2023 10:38:15 AM","Oct 25, 2023 10:29:14 AM","Oct 25, 2023 10:37:55 AM","Oct 25, 2023","5649C633-ECEB-4228-BF9C-8EAFBE4AEE2D",2,67,663,24685,10,"Mai Văn Điều","option_1","option_1","option_1","option_4",5,TRUE,"RIA1","GIFT-derived","GIFT-derived",2023-10-25 10:38:15,4
32,384885188,"Apr 28, 2023 11:45:54 PM","Apr 28, 2023 2:47:31 PM","Apr 28, 2023 11:45:39 PM","Apr 28, 2023","357625082134662",5,25,236,8443,11,"Phạm Văn Hưởng","","option_1","option_1","option_5",4,TRUE,"RIA1","GIFT-derived","GIFT-derived",2023-04-28 23:45:54,2
33,387316773,"Oct 3, 2023 3:38:00 PM","Oct 3, 2023 3:22:40 PM","Oct 3, 2023 3:37:52 PM","Oct 3, 2023","357625082134662",1,8,74,2422,4,"Lâm thị sim","option_1","option_2","option_2","option_5",5,FALSE,"RIA1","GIFT-derived","GIFT-derived",2023-10-03 15:38:00,4
34,387897531,"Apr 27, 2023 9:02:19 PM","Apr 27, 2023 8:07:26 AM","Apr 27, 2023 8:44:03 PM","Apr 27, 2023","357625082134662",5,15,138,4537,13,"Triệu Thị Phương","","option_1","option_2","option_6",5,FALSE,"05_Molobicus","GIFT-derived","Non-GIFT",2023-04-27 21:02:19,2
35,388362712,"May 6, 2023 10:30:35 AM","May 5, 2023 12:10:09 PM","May 6, 2023 6:45:50 AM","May 5, 2023","357625082134662",5,96,973,32245,10,"Nguyễn Văn Thanh","","option_1","option_1","option_2",5,TRUE,"RIA1","GIFT-derived","GIFT-derived",2023-05-06 10:30:35,2
36,388659826,"Jul 4, 2023 6:30:07 PM","Jul 4, 2023 3:46:31 PM","Jul 4, 2023 4:31:17 PM","Jul 4, 2023","E4881F81-7CE5-4A9C-BD11-E9E9E0116051",3,30,294,10876,4,"Nguyễn xuân côi","option_1","option_1","option_1","option_8",5,TRUE,"RIA1","GIFT-derived","GIFT-derived",2023-07-04 18:30:07,3
37,388893714,"Jun 23, 2023 7:10:33 PM","Jun 23, 2023 9:27:02 AM","Jun 23, 2023 10:12:14 AM","Jun 23, 2023","668fa2006a285b94",1,8,75,2446,1,"Nguyễn văn thứu","option_1","option_2","option_1","option_2",5,TRUE,"RIA1","GIFT-derived","GIFT-derived",2023-06-23 19:10:33,2
38,389357944,"Apr 22, 2023 7:17:40 PM","Apr 21, 2023 9:20:47 AM","Apr 22, 2023 9:14:55 AM","Apr 21, 2023","E4881F81-7CE5-4A9C-BD11-E9E9E0116051",3,8,76,2554,540,"Lưu Thế Lai","","option_1","option_1","option_2",3,TRUE,"RIA1","GIFT-derived","GIFT-derived",2023-04-22 19:17:40,2
39,394560352,"Jun 27, 2023 6:32:30 AM","Jun 26, 2023 5:09:08 PM","Jun 26, 2023 6:36:58 PM","Jun 26, 2023","668fa2006a285b94",1,6,61,1933,11,"Lộc văn đức","option_1","option_3","option_1","option_3",5,TRUE,"03_BEST","GIFT-derived","Non-GIFT",2023-06-27 06:32:30,2
40,395079742,"Apr 26, 2023 11:22:36 PM","Apr 26, 2023 9:31:51 AM","Apr 26, 2023 11:22:15 PM","Apr 26, 2023","357625082134662",5,15,141,4768,15,"Nguyễn Văn Luận","","option_1","option_1","option_4",4,TRUE,"RIA1","GIFT-derived","GIFT-derived",2023-04-26 23:22:36,2
41,398258714,"Oct 3, 2023 4:39:34 PM","Oct 3, 2023 3:54:34 PM","Oct 3, 2023 4:39:23 PM","Oct 3, 2023","357625082134662",1,8,74,2422,5,"Đặng thị thoan","option_1","option_2","option_2","option_5",3,FALSE,"RIA1","GIFT-derived","GIFT-derived",2023-10-03 16:39:34,4
42,399535287,"Apr 23, 2023 5:23:01 PM","Apr 23, 2023 12:17:45 PM","Apr 23, 2023 12:29:04 PM","Apr 23, 2023","E4881F81-7CE5-4A9C-BD11-E9E9E0116051",3,8,74,2383,1,"Mã Văn Luận","","option_1","option_1","option_6",3,FALSE,"RIA1","GIFT-derived","GIFT-derived",2023-04-23 17:23:01,2
43,582921585,"Jul 1, 2023 6:24:01 PM","Jun 29, 2023 9:57:42 AM","Jul 1, 2023 6:20:15 PM","Jun 29, 2023","0AED3878-A257-4CDA-8785-9CC74942B7FD",4,96,969,32143,5,"Trần Thị Mụi","option_1","option_2","option_2","option_1",5,FALSE,"10_Mossambicus","Non-GIFT","Non-GIFT",2023-07-01 18:24:01,3
44,768873451,"Dec 26, 2023 9:28:05 AM","Dec 24, 2023 9:46:50 AM","Dec 26, 2023 9:25:36 AM","Dec 24, 2023","8cc7db267ff6e052",5,96,967,32092,8,"Đinh Thị Bé","option_1","option_2","option_2","option_1",5,TRUE,"10_Mossambicus","Non-GIFT","Non-GIFT",2023-12-26 09:28:05,4
45,782162628,"Jun 23, 2023 7:27:18 PM","Jun 22, 2023 8:27:47 AM","Jun 23, 2023 7:25:54 PM","Jun 22, 2023","0AED3878-A257-4CDA-8785-9CC74942B7FD",4,96,967,32077,3,"Nguyễn thị nhiên","option_1","option_3","option_2","option_1",5,TRUE,"10_Mossambicus","Non-GIFT","Non-GIFT",2023-06-23 19:27:18,2
46,795634916,"Jun 21, 2023 10:57:03 PM","Jun 21, 2023 10:39:55 AM","Jun 21, 2023 10:49:23 PM","Jun 21, 2023","0AED3878-A257-4CDA-8785-9CC74942B7FD",4,96,967,32069,6,"Trần Ngọc Hồng","option_1","option_1","option_1","option_1",5,TRUE,"10_Mossambicus","Non-GIFT","Non-GIFT",2023-06-21 22:57:03,2
47,812696784,"Jan 2, 2024 2:53:10 PM","Dec 28, 2023 9:11:05 AM","Jan 2, 2024 2:48:03 PM","Dec 28, 2023","D0F2A18D-86D5-49BA-A12D-99AEC26CA55C",6,96,972,32215,7,"Trần Thị Liếu","option_1","option_2","option_2","option_1",5,TRUE,"10_Mossambicus","Non-GIFT","Non-GIFT",2024-01-02 14:53:10,1
48,812887367,"Dec 20, 2023 12:00:26 PM","Dec 19, 2023 11:07:29 AM","Dec 20, 2023 11:59:47 AM","Dec 19, 2023","8cc7db267ff6e052",5,96,966,32053,1,"Nguyễn Thị Diệu","option_1","option_3","option_2","option_1",5,TRUE,"10_Mossambicus","Non-GIFT","Non-GIFT",2023-12-20 12:00:26,4
49,814110454,"Apr 25, 2023 8:43:33 PM","Apr 25, 2023 10:19:02 AM","Apr 25, 2023 8:39:40 PM","Apr 25, 2023","0AED3878-A257-4CDA-8785-9CC74942B7FD",4,96,964,32035,5,"Nguyễn Chí Hùng","","option_1","option_1","option_8",5,FALSE,"10_Mossambicus","Non-GIFT","Non-GIFT",2023-04-25 20:43:33,2
50,814540905,"Oct 15, 2023 11:46:02 AM","Oct 15, 2023 8:47:48 AM","Oct 15, 2023 9:36:04 AM","Oct 15, 2023","5649C633-ECEB-4228-BF9C-8EAFBE4AEE2D",5,96,968,32125,19,"Tăng Cà Lơ","option_1","option_2","option_1","option_6",5,FALSE,"10_Mossambicus","Non-GIFT","Non-GIFT",2023-10-15 11:46:02,4
51,814891641,"Dec 25, 2023 7:03:11 PM","Dec 22, 2023 2:52:22 PM","Dec 25, 2023 6:56:52 PM","Dec 22, 2023","D0F2A18D-86D5-49BA-A12D-99AEC26CA55C",6,96,969,32146,8,"Trần Hoàng Anh","option_1","option_1","option_1","option_1",5,FALSE,"10_Mossambicus","Non-GIFT","Non-GIFT",2023-12-25 19:03:11,4
52,814971945,"Oct 6, 2023 12:13:30 AM","Oct 5, 2023 8:26:04 AM","Oct 5, 2023 11:50:20 PM","Oct 5, 2023","8cc7db267ff6e052",5,96,969,32128,5,"Nguyễn Hồng Đượm","option_1","option_1","option_2","option_8",5,FALSE,"10_Mossambicus","Non-GIFT","Non-GIFT",2023-10-06 00:13:30,4
53,815541202,"Jul 1, 2023 6:23:08 PM","Jun 29, 2023 9:27:45 AM","Jun 30, 2023 7:10:11 PM","Jun 29, 2023","0AED3878-A257-4CDA-8785-9CC74942B7FD",4,96,969,32143,15,"Nguyễn Văn Ngôn","option_1","option_3","option_1","option_1",5,TRUE,"10_Mossambicus","Non-GIFT","Non-GIFT",2023-07-01 18:23:08,3
54,817343858,"Jun 27, 2023 6:32:29 AM","Jun 26, 2023 8:21:19 AM","Jun 26, 2023 9:17:45 AM","Jun 26, 2023","668fa2006a285b94",1,4,51,1657,8,"Hà thị nơi","option_1","option_1","option_2","option_5",5,TRUE,"RIA1","GIFT-derived","GIFT-derived",2023-06-27 06:32:29,2
55,818224674,"Apr 26, 2023 8:53:26 PM","Apr 26, 2023 9:52:26 AM","Apr 26, 2023 8:48:59 PM","Apr 26, 2023","0AED3878-A257-4CDA-8785-9CC74942B7FD",4,96,967,32086,10,"Hồ Thanh Trọng","","option_3","option_1","option_8",4,TRUE,"10_Mossambicus","Non-GIFT",NA,2023-04-26 20:53:26,2
56,818452774,"Dec 20, 2023 12:00:23 PM","Dec 19, 2023 10:26:20 AM","Dec 20, 2023 11:56:02 AM","Dec 19, 2023","8cc7db267ff6e052",5,96,966,32053,15,"Tạ Hoàng On","option_1","option_1","option_1","option_1",5,FALSE,"10_Mossambicus","Non-GIFT","Non-GIFT",2023-12-20 12:00:23,4
57,818518499,"Oct 14, 2023 10:55:08 PM","Oct 14, 2023 9:51:12 AM","Oct 14, 2023 9:57:26 AM","Oct 14, 2023","5649C633-ECEB-4228-BF9C-8EAFBE4AEE2D",2,96,968,32125,4,"Lê Ý Nguyện","option_1","option_1","option_1","option_8",5,TRUE,"10_Mossambicus","Non-GIFT","Non-GIFT",2023-10-14 22:55:08,4
58,818887273,"Oct 15, 2023 11:46:26 AM","Oct 15, 2023 11:07:03 AM","Oct 15, 2023 11:45:28 AM","Oct 15, 2023","5649C633-ECEB-4228-BF9C-8EAFBE4AEE2D",5,96,968,32125,8,"Nguyễn Cẩm Cuốn","option_1","option_5","option_2","option_8",5,TRUE,"10_Mossambicus","Non-GIFT","Non-GIFT",2023-10-15 11:46:26,4
59,819376821,"Apr 26, 2023 8:53:50 PM","Apr 26, 2023 4:19:46 PM","Apr 26, 2023 8:51:13 PM","Apr 26, 2023","0AED3878-A257-4CDA-8785-9CC74942B7FD",4,96,967,32086,14,"Nguyễn Thị Em","","option_2","option_2","option_8",5,TRUE,"10_Mossambicus","Non-GIFT","Non-GIFT",2023-04-26 20:53:50,2
60,819554544,"Jul 2, 2023 8:19:01 PM","Jun 29, 2023 2:22:16 PM","Jul 2, 2023 8:17:03 PM","Jun 29, 2023","0AED3878-A257-4CDA-8785-9CC74942B7FD",4,96,969,32143,10,"Trương Thị Hoa","option_1","option_2","option_2","option_5",5,TRUE,"10_Mossambicus","Non-GIFT","Non-GIFT",2023-07-02 20:19:01,3
61,819563662,"Jun 23, 2023 7:27:33 PM","Jun 22, 2023 12:34:47 PM","Jun 23, 2023 7:26:35 PM","Jun 22, 2023","0AED3878-A257-4CDA-8785-9CC74942B7FD",4,96,967,32077,14,"Phan Thị Bình","option_1","option_2","option_2","option_1",5,FALSE,"10_Mossambicus","Non-GIFT","Non-GIFT",2023-06-23 19:27:33,2
62,822265011,"Dec 20, 2023 12:00:22 PM","Dec 19, 2023 8:02:04 AM","Dec 20, 2023 11:36:08 AM","Dec 19, 2023","8cc7db267ff6e052",5,96,966,32053,5,"Đào Minh Thạc","option_1","option_3","option_1","option_1",5,TRUE,"10_Mossambicus","Non-GIFT","Non-GIFT",2023-12-20 12:00:22,4
63,822989722,"Dec 28, 2023 9:08:13 PM","Dec 28, 2023 7:31:45 AM","Dec 28, 2023 8:16:47 AM","Dec 28, 2023","D0F2A18D-86D5-49BA-A12D-99AEC26CA55C",6,96,972,32215,14,"Lê Thị Sáu","option_1","option_1","option_2","option_1",5,TRUE,"10_Mossambicus","Non-GIFT","Non-GIFT",2023-12-28 21:08:13,4
64,823529552,"Dec 22, 2023 6:59:44 PM","Dec 19, 2023 5:22:13 PM","Dec 22, 2023 6:56:14 PM","Dec 19, 2023","8cc7db267ff6e052",5,96,966,32053,2,"Võ Thành Lập","option_1","option_1","option_1","option_1",5,TRUE,"10_Mossambicus","Non-GIFT","Non-GIFT",2023-12-22 18:59:44,4
65,824664775,"Apr 26, 2023 8:53:57 PM","Apr 26, 2023 5:14:40 PM","Apr 26, 2023 8:51:32 PM","Apr 26, 2023","0AED3878-A257-4CDA-8785-9CC74942B7FD",4,96,967,32086,7,"Đinh Thu Em","","option_2","option_2","option_8",5,FALSE,"10_Mossambicus","Non-GIFT","Non-GIFT",2023-04-26 20:53:57,2
66,825257776,"Jan 2, 2024 7:56:45 PM","Dec 28, 2023 12:01:52 PM","Jan 2, 2024 7:53:53 PM","Dec 28, 2023","D0F2A18D-86D5-49BA-A12D-99AEC26CA55C",6,96,972,32215,5,"Lê Thị Mai","option_1","option_1","option_2","option_1",4,FALSE,"Unassigned",NA,NA,2024-01-02 19:56:45,1
67,828035937,"Oct 30, 2023 2:08:01 PM","Oct 30, 2023 12:44:04 PM","Oct 30, 2023 12:50:47 PM","Oct 30, 2023","5649C633-ECEB-4228-BF9C-8EAFBE4AEE2D",2,96,966,32048,15,"Trần Hồng Nhung","option_1","option_3","option_2","option_8",3,FALSE,"05_Molobicus","GIFT-derived",NA,2023-10-30 14:08:01,4
68,828411868,"Apr 25, 2023 8:43:26 PM","Apr 25, 2023 8:34:51 AM","Apr 25, 2023 8:36:10 PM","Apr 25, 2023","0AED3878-A257-4CDA-8785-9CC74942B7FD",4,96,964,32035,6,"Chương Văn Quân","","option_3","option_1","option_8",5,TRUE,"10_Mossambicus","Non-GIFT","Non-GIFT",2023-04-25 20:43:26,2
69,828656177,"Dec 25, 2023 7:33:05 PM","Dec 23, 2023 3:55:58 PM","Dec 25, 2023 7:23:27 PM","Dec 23, 2023","D0F2A18D-86D5-49BA-A12D-99AEC26CA55C",6,96,969,32146,14,"Nguyễn Văn Tỏ","option_1","option_1","option_1","option_1",4,FALSE,"10_Mossambicus","Non-GIFT",NA,2023-12-25 19:33:05,4
70,829940400,"Oct 29, 2023 4:33:50 PM","Oct 29, 2023 4:07:40 PM","Oct 29, 2023 4:17:43 PM","Oct 29, 2023","5649C633-ECEB-4228-BF9C-8EAFBE4AEE2D",2,96,966,32048,8,"Nguyễn Văn Thum","option_1","option_1","option_1","option_8",4,FALSE,"Unassigned",NA,NA,2023-10-29 16:33:50,4
71,832161237,"Jan 2, 2024 7:56:39 PM","Dec 28, 2023 10:01:02 AM","Jan 2, 2024 7:44:44 PM","Dec 28, 2023","D0F2A18D-86D5-49BA-A12D-99AEC26CA55C",6,96,972,32215,8,"Đỗ Văn Gấu","option_1","option_1","option_1","option_1",5,TRUE,"10_Mossambicus","Non-GIFT","Non-GIFT",2024-01-02 19:56:39,1
72,834492698,"Oct 3, 2023 8:31:22 PM","Oct 3, 2023 12:07:36 PM","Oct 3, 2023 8:31:19 PM","Oct 3, 2023","8cc7db267ff6e052",5,96,972,32221,15,"Trần Tuyết Như","option_1","option_2","option_2","option_8",5,TRUE,"10_Mossambicus","Non-GIFT","Non-GIFT",2023-10-03 20:31:22,4
73,836102167,"Jan 2, 2024 2:53:11 PM","Dec 28, 2023 9:33:20 AM","Jan 2, 2024 2:52:45 PM","Dec 28, 2023","D0F2A18D-86D5-49BA-A12D-99AEC26CA55C",6,96,972,32215,9,"Trần chí Lịnh","option_1","option_1","option_1","option_1",4,FALSE,"Unassigned",NA,NA,2024-01-02 14:53:11,1
74,836190772,"Dec 20, 2023 11:51:29 PM","Dec 19, 2023 3:21:25 PM","Dec 20, 2023 11:51:17 PM","Dec 19, 2023","8cc7db267ff6e052",5,96,966,32053,7,"Phan Thị Phương","option_1","option_2","option_2","option_1",5,TRUE,"10_Mossambicus","Non-GIFT","Non-GIFT",2023-12-20 23:51:29,4
75,836793947,"Oct 25, 2023 10:38:14 AM","Oct 25, 2023 10:11:55 AM","Oct 25, 2023 10:29:12 AM","Oct 25, 2023","5649C633-ECEB-4228-BF9C-8EAFBE4AEE2D",2,67,663,24685,7,"Phạm Văn Nam","option_1","option_1","option_1","option_5",4,TRUE,"RIA1","GIFT-derived","GIFT-derived",2023-10-25 10:38:14,4
76,838834349,"Oct 7, 2023 10:04:07 AM","Oct 5, 2023 11:27:28 AM","Oct 7, 2023 10:03:57 AM","Oct 5, 2023","8cc7db267ff6e052",5,96,969,32221,6,"Võ Thị Tho","option_1","option_2","option_2","option_6",5,FALSE,"10_Mossambicus","Non-GIFT","Non-GIFT",2023-10-07 10:04:07,4
77,839221074,"Jun 26, 2023 8:12:35 PM","Jun 26, 2023 8:34:01 AM","Jun 26, 2023 8:08:55 PM","Jun 26, 2023","0AED3878-A257-4CDA-8785-9CC74942B7FD",4,96,968,32125,10,"Huỳnh Văn Ngởi","option_1","option_1","option_1","option_1",5,TRUE,"10_Mossambicus","Non-GIFT","Non-GIFT",2023-06-26 20:12:35,2
78,839319227,"Dec 20, 2023 11:56:22 PM","Dec 19, 2023 9:29:50 AM","Dec 20, 2023 11:56:15 PM","Dec 19, 2023","8cc7db267ff6e052",5,96,966,32053,14,"Diệp Kim Mẵng","option_1","option_2","option_2","option_5",4,FALSE,"10_Mossambicus","Non-GIFT",NA,2023-12-20 23:56:22,4
79,839497985,"Jan 2, 2024 2:53:09 PM","Dec 28, 2023 8:45:03 AM","Jan 2, 2024 2:46:08 PM","Dec 28, 2023","D0F2A18D-86D5-49BA-A12D-99AEC26CA55C",6,96,972,32215,10,"Huỳnh Thị Thuyền","option_1","option_2","option_2","option_1",5,FALSE,"10_Mossambicus","Non-GIFT","Non-GIFT",2024-01-02 14:53:09,1
80,843368077,"Jun 27, 2023 9:31:17 PM","Jun 27, 2023 9:39:03 AM","Jun 27, 2023 7:17:03 PM","Jun 27, 2023","0AED3878-A257-4CDA-8785-9CC74942B7FD",4,96,968,32125,8,"Thạch Văn Hoàng","option_1","option_1","option_1","option_1 option_5",5,FALSE,"10_Mossambicus","Non-GIFT","Non-GIFT",2023-06-27 21:31:17,2
81,845421945,"Jun 26, 2023 8:12:59 PM","Jun 26, 2023 10:57:37 AM","Jun 26, 2023 3:33:49 PM","Jun 26, 2023","0AED3878-A257-4CDA-8785-9CC74942B7FD",4,96,968,32125,3,"Lê Văn Chuyển","option_1","option_1","option_1","option_1",5,FALSE,"10_Mossambicus","Non-GIFT","Non-GIFT",2023-06-26 20:12:59,2
82,846414950,"May 5, 2023 8:15:30 PM","May 5, 2023 9:13:26 AM","May 5, 2023 8:15:02 PM","May 5, 2023","357625082134662",5,96,973,32245,19,"Nguyễn Thị Mè","","option_2","option_2","option_6",5,FALSE,"RIA1","GIFT-derived","GIFT-derived",2023-05-05 20:15:30,2
83,849131103,"Jun 21, 2023 10:50:16 PM","Jun 21, 2023 9:59:27 AM","Jun 21, 2023 10:48:04 PM","Jun 21, 2023","0AED3878-A257-4CDA-8785-9CC74942B7FD",4,96,967,32069,3,"Đỗ Việt Triều","option_1","option_1","option_1","option_1",5,TRUE,"10_Mossambicus","Non-GIFT","Non-GIFT",2023-06-21 22:50:16,2
84,852273868,"Oct 14, 2023 10:55:10 PM","Oct 14, 2023 9:58:38 AM","Oct 14, 2023 10:05:30 AM","Oct 14, 2023","5649C633-ECEB-4228-BF9C-8EAFBE4AEE2D",2,96,968,32125,3,"Nguyễn Chí Nguyện","option_1","option_1","option_1","option_8",5,TRUE,"10_Mossambicus","Non-GIFT","Non-GIFT",2023-10-14 22:55:10,4
85,852730029,"Oct 7, 2023 10:04:08 AM","Oct 5, 2023 11:34:13 AM","Oct 7, 2023 9:55:23 AM","Oct 5, 2023","8cc7db267ff6e052",5,96,969,32128,19,"Huỳnh Thị Kim Tư","option_1","option_2","option_2","option_8",4,TRUE,"RIA1","GIFT-derived","GIFT-derived",2023-10-07 10:04:08,4
86,853149303,"Oct 14, 2023 10:55:11 PM","Oct 14, 2023 11:01:19 AM","Oct 14, 2023 11:15:42 AM","Oct 14, 2023","5649C633-ECEB-4228-BF9C-8EAFBE4AEE2D",2,96,968,32125,10,"Trần Thị Thuỳ","option_1","option_2","option_2","option_8",5,FALSE,"10_Mossambicus","Non-GIFT","Non-GIFT",2023-10-14 22:55:11,4
87,854781438,"Jun 29, 2023 7:04:36 PM","Jun 28, 2023 9:15:48 AM","Jun 29, 2023 7:02:39 PM","Jun 28, 2023","0AED3878-A257-4CDA-8785-9CC74942B7FD",4,96,973,32236,10,"Lý Kim Thuỷ","option_1","option_2","option_2","option_1",5,TRUE,"10_Mossambicus","Non-GIFT","Non-GIFT",2023-06-29 19:04:36,2
88,854794766,"Jun 23, 2023 7:27:29 PM","Jun 22, 2023 11:55:42 AM","Jun 23, 2023 7:26:10 PM","Jun 22, 2023","0AED3878-A257-4CDA-8785-9CC74942B7FD",4,96,967,32077,7,"Nguyễn Thị Chính","option_1","option_2","option_2","option_5",5,FALSE,"10_Mossambicus","Non-GIFT","Non-GIFT",2023-06-23 19:27:29,2
89,854997418,"Oct 14, 2023 10:55:12 PM","Oct 14, 2023 11:34:49 AM","Oct 14, 2023 11:44:17 AM","Oct 14, 2023","5649C633-ECEB-4228-BF9C-8EAFBE4AEE2D",2,96,968,32125,7,"Nguyễn Cẩm Bèo","option_1","option_2","option_2","option_8",4,FALSE,"Unassigned",NA,NA,2023-10-14 22:55:12,4
90,855062504,"Jun 22, 2023 9:23:05 PM","Jun 21, 2023 11:19:13 AM","Jun 22, 2023 9:16:28 PM","Jun 21, 2023","0AED3878-A257-4CDA-8785-9CC74942B7FD",4,96,967,32069,7,"Lương Thị Nhanh","option_1","option_2","option_2","option_1",5,TRUE,"10_Mossambicus","Non-GIFT","Non-GIFT",2023-06-22 21:23:05,2
91,856086326,"Jul 1, 2023 6:25:48 PM","Jun 29, 2023 11:33:04 AM","Jul 1, 2023 6:20:43 PM","Jun 29, 2023","0AED3878-A257-4CDA-8785-9CC74942B7FD",4,96,969,32143,9,"Phạm Văn Út","option_1","option_1","option_1","option_2",5,TRUE,"10_Mossambicus","Non-GIFT","Non-GIFT",2023-07-01 18:25:48,3
92,856136713,"Jun 22, 2023 9:23:11 PM","Jun 22, 2023 9:45:27 AM","Jun 22, 2023 9:05:28 PM","Jun 22, 2023","0AED3878-A257-4CDA-8785-9CC74942B7FD",4,96,967,32077,15,"Nguyễn Văn Bé","option_1","option_1","option_1","option_1",4,TRUE,"10_Mossambicus","Non-GIFT",NA,2023-06-22 21:23:11,2
93,856154989,"Dec 22, 2023 6:59:43 PM","Dec 19, 2023 4:33:50 PM","Dec 22, 2023 6:52:29 PM","Dec 19, 2023","8cc7db267ff6e052",5,96,966,32053,12,"Nguyễn Văn Vui","option_1","option_1","option_1","option_1",4,FALSE,"Unassigned",NA,NA,2023-12-22 18:59:43,4
94,857637252,"Dec 26, 2023 9:28:06 AM","Dec 24, 2023 10:32:37 AM","Dec 26, 2023 9:26:02 AM","Dec 24, 2023","8cc7db267ff6e052",5,96,967,32092,9,"Nguyễn Hồng Thắm","option_1","option_2","option_2","option_1",5,TRUE,"10_Mossambicus","Non-GIFT","Non-GIFT",2023-12-26 09:28:06,4
95,858297570,"Jul 1, 2023 6:21:40 PM","Jun 29, 2023 8:14:28 AM","Jun 30, 2023 7:09:48 PM","Jun 29, 2023","0AED3878-A257-4CDA-8785-9CC74942B7FD",4,96,969,32143,13,"Nguyễn Thị Vững","option_1","option_2","option_2","option_1",5,FALSE,"10_Mossambicus","Non-GIFT","Non-GIFT",2023-07-01 18:21:40,3
96,858360613,"Oct 4, 2023 9:03:06 PM","Oct 4, 2023 12:26:51 PM","Oct 4, 2023 2:40:31 PM","Oct 4, 2023","8cc7db267ff6e052",5,96,969,32128,1,"Ngô Minh Tuấn","option_1","option_3","option_1","option_8",5,FALSE,"10_Mossambicus","Non-GIFT","Non-GIFT",2023-10-04 21:03:06,4
97,859434324,"Oct 10, 2023 9:07:15 AM","Oct 8, 2023 10:45:23 AM","Oct 10, 2023 9:06:48 AM","Oct 8, 2023","ca61ed86ba172374",2,96,966,32059,4,"Huỳnh Thị Hương (vợ ông Thù)","option_1","option_2","option_2","option_8",3,TRUE,"10_Mossambicus","Non-GIFT",NA,2023-10-10 09:07:15,4
98,859649632,"Jul 1, 2023 6:24:52 PM","Jun 29, 2023 10:32:27 AM","Jun 30, 2023 7:10:27 PM","Jun 29, 2023","0AED3878-A257-4CDA-8785-9CC74942B7FD",4,96,969,32143,4,"Nguyễn Văn Dện","option_1","option_1","option_1","option_1",5,TRUE,"10_Mossambicus","Non-GIFT","Non-GIFT",2023-07-01 18:24:52,3
100,867192671,"Jun 23, 2023 7:27:36 PM","Jun 22, 2023 1:22:11 PM","Jun 23, 2023 7:27:08 PM","Jun 22, 2023","0AED3878-A257-4CDA-8785-9CC74942B7FD",4,96,967,32077,12,"Đặng Văn Bin","option_1","option_3","option_1","option_1",5,TRUE,"10_Mossambicus","Non-GIFT","Non-GIFT",2023-06-23 19:27:36,2
101,867668624,"Oct 4, 2023 3:58:52 PM","Oct 4, 2023 3:36:16 PM","Oct 4, 2023 3:49:05 PM","Oct 4, 2023","357625082134662",1,15,141,4765,6,"Lý thị ân","option_1","option_2","option_2","option_6",5,FALSE,"RIA1","GIFT-derived","GIFT-derived",2023-10-04 15:58:52,4
102,877670025,"Dec 23, 2023 10:52:19 PM","Dec 23, 2023 8:09:47 AM","Dec 23, 2023 10:41:23 PM","Dec 23, 2023","8cc7db267ff6e052",5,96,967,32074,3,"Trần Thị Dùm","option_1","option_1","option_2","option_1",2,TRUE,"10_Mossambicus","Non-GIFT",NA,2023-12-23 22:52:19,4
103,879924721,"Apr 26, 2023 8:53:44 PM","Apr 26, 2023 3:44:41 PM","Apr 26, 2023 8:50:45 PM","Apr 26, 2023","0AED3878-A257-4CDA-8785-9CC74942B7FD",4,96,967,32086,15,"Huỳnh Thị Vui","","option_2","option_2","option_8",5,FALSE,"10_Mossambicus","Non-GIFT","Non-GIFT",2023-04-26 20:53:44,2
104,888493277,"Oct 14, 2023 10:55:06 PM","Oct 13, 2023 11:52:46 PM","Oct 14, 2023 12:02:51 AM","Oct 13, 2023","5649C633-ECEB-4228-BF9C-8EAFBE4AEE2D",2,96,968,32125,12,"Huỳnh Văn Tình","option_1","option_1","option_1","option_8",5,TRUE,"10_Mossambicus","Non-GIFT","Non-GIFT",2023-10-14 22:55:06,4
105,896971982,"May 4, 2023 3:32:14 PM","May 4, 2023 2:41:54 PM","May 4, 2023 3:26:34 PM","May 4, 2023","E4881F81-7CE5-4A9C-BD11-E9E9E0116051",3,8,76,2542,8,"Ma Văn Cứ","","option_1","option_1","option_5",4,TRUE,"RIA1","GIFT-derived","GIFT-derived",2023-05-04 15:32:14,2
106,901203839,"Jun 26, 2023 8:10:59 PM","Jun 26, 2023 7:48:30 AM","Jun 26, 2023 8:08:30 PM","Jun 26, 2023","0AED3878-A257-4CDA-8785-9CC74942B7FD",4,96,968,32125,13,"Diệp văn nhờ","option_1","option_3","option_1","option_1",4,TRUE,"10_Mossambicus","Non-GIFT",NA,2023-06-26 20:10:59,2
107,902608879,"Dec 15, 2023 3:18:20 PM","Dec 15, 2023 9:47:16 AM","Dec 15, 2023 10:07:19 AM","Dec 15, 2023","357625082134662",1,31,312,11587,1,"Nguyễn Đức Thăng","option_1","option_1","option_1","option_5",4,TRUE,"RIA1","GIFT-derived","GIFT-derived",2023-12-15 15:18:20,4
108,912130004,"Apr 27, 2023 8:27:26 PM","Apr 27, 2023 9:06:09 AM","Apr 27, 2023 8:26:35 PM","Apr 27, 2023","0AED3878-A257-4CDA-8785-9CC74942B7FD",4,96,970,32174,13,"Phạm Chí Kiểng","","option_3","option_1","option_8",4,FALSE,"Unassigned",NA,NA,2023-04-27 20:27:26,2
109,912405373,"Jun 22, 2023 9:23:06 PM","Jun 22, 2023 7:47:22 AM","Jun 22, 2023 9:03:34 PM","Jun 22, 2023","0AED3878-A257-4CDA-8785-9CC74942B7FD",4,96,967,32077,2,"Nguyễn Văn Chước","option_1","option_1","option_1","option_1",5,TRUE,"10_Mossambicus","Non-GIFT","Non-GIFT",2023-06-22 21:23:06,2
110,913141394,"Dec 25, 2023 7:03:17 PM","Dec 23, 2023 10:36:26 AM","Dec 23, 2023 10:43:15 PM","Dec 23, 2023","D0F2A18D-86D5-49BA-A12D-99AEC26CA55C",6,96,969,32146,9,"Tô Văn Hoá","option_1","option_1","option_1","option_1",5,TRUE,"10_Mossambicus","Non-GIFT","Non-GIFT",2023-12-25 19:03:17,4
111,913145620,"Apr 24, 2023 9:05:00 PM","Apr 24, 2023 3:54:47 PM","Apr 24, 2023 9:04:41 PM","Apr 24, 2023","0AED3878-A257-4CDA-8785-9CC74942B7FD",4,96,964,32035,12,"Trần văn đấu","","option_1","option_1","option_8",5,TRUE,"10_Mossambicus","Non-GIFT","Non-GIFT",2023-04-24 21:05:00,2
113,914592529,"Dec 25, 2023 9:34:49 AM","Dec 24, 2023 9:08:08 AM","Dec 25, 2023 9:34:30 AM","Dec 24, 2023","8cc7db267ff6e052",5,96,967,32092,16,"Sầm Thị Mật","option_1","option_2","option_2","option_1",5,FALSE,"10_Mossambicus","Non-GIFT","Non-GIFT",2023-12-25 09:34:49,4
114,915214380,"Dec 26, 2023 9:28:07 AM","Dec 24, 2023 12:08:24 PM","Dec 26, 2023 9:26:10 AM","Dec 24, 2023","8cc7db267ff6e052",5,96,967,32092,12,"Dương Thị Manh","option_1","option_2","option_2","option_1",5,FALSE,"10_Mossambicus","Non-GIFT","Non-GIFT",2023-12-26 09:28:07,4
115,915451420,"Jun 29, 2023 7:04:33 PM","Jun 28, 2023 8:37:09 AM","Jun 29, 2023 7:04:22 PM","Jun 28, 2023","0AED3878-A257-4CDA-8785-9CC74942B7FD",4,96,973,32236,14,"Võ Hoài Linh","option_1","option_1","option_1","option_1",4,TRUE,"10_Mossambicus","Non-GIFT",NA,2023-06-29 19:04:33,2
116,915705471,"Dec 22, 2023 6:59:45 PM","Dec 19, 2023 5:33:21 PM","Dec 22, 2023 6:59:33 PM","Dec 19, 2023","8cc7db267ff6e052",5,96,966,32053,3,"Trần Thị Huỳnh","option_1","option_2","option_2","option_1",5,FALSE,"10_Mossambicus","Non-GIFT","Non-GIFT",2023-12-22 18:59:45,4
117,915884433,"Dec 25, 2023 7:19:06 PM","Dec 23, 2023 11:30:55 AM","Dec 25, 2023 7:11:34 PM","Dec 23, 2023","D0F2A18D-86D5-49BA-A12D-99AEC26CA55C",6,96,969,32146,10,"Đặng Việt Linh","option_1","option_3","option_1","option_1",5,TRUE,"10_Mossambicus","Non-GIFT","Non-GIFT",2023-12-25 19:19:06,4
118,916011544,"Dec 20, 2023 12:00:22 PM","Dec 19, 2023 8:44:00 AM","Dec 20, 2023 11:40:46 AM","Dec 19, 2023","8cc7db267ff6e052",5,96,966,32053,4,"Nguyễn Kim Tha","option_1","option_2","option_2","option_1",5,TRUE,"10_Mossambicus","Non-GIFT","Non-GIFT",2023-12-20 12:00:22,4
119,916432681,"Oct 14, 2023 10:55:11 PM","Oct 14, 2023 10:24:43 AM","Oct 14, 2023 10:31:22 AM","Oct 14, 2023","5649C633-ECEB-4228-BF9C-8EAFBE4AEE2D",2,96,968,32125,2,"Nguyễn Minh Kha","option_1","option_1","option_1","option_8",5,FALSE,"10_Mossambicus","Non-GIFT","Non-GIFT",2023-10-14 22:55:11,4
120,916432848,"Jul 1, 2023 6:22:22 PM","Jun 29, 2023 8:55:25 AM","Jul 1, 2023 6:19:54 PM","Jun 29, 2023","0AED3878-A257-4CDA-8785-9CC74942B7FD",4,96,969,32143,14,"Mai Văn Phong","option_1","option_1","option_1","option_1",5,TRUE,"10_Mossambicus","Non-GIFT","Non-GIFT",2023-07-01 18:22:22,3
121,916444072,"Apr 25, 2023 7:19:31 PM","Apr 24, 2023 9:55:40 AM","Apr 25, 2023 7:18:46 PM","Apr 24, 2023","ca61ed86ba172374",2,60,596,23023,1,"LÊ TẤN DỰ","","option_1","option_1","option_5",1,FALSE,"RIA1","GIFT-derived","GIFT-derived",2023-04-25 19:19:31,2
122,916702718,"Apr 26, 2023 8:53:20 PM","Apr 26, 2023 9:06:34 AM","Apr 26, 2023 8:48:17 PM","Apr 26, 2023","0AED3878-A257-4CDA-8785-9CC74942B7FD",4,96,967,32086,8,"Nguyễn VĂn Đèn","","option_1","option_1","option_8",5,FALSE,"10_Mossambicus","Non-GIFT","Non-GIFT",2023-04-26 20:53:20,2
123,917111384,"Dec 23, 2023 10:52:20 PM","Dec 23, 2023 9:18:29 AM","Dec 23, 2023 10:48:33 PM","Dec 23, 2023","8cc7db267ff6e052",5,96,967,32074,8,"Trần Văn Cường","option_1","option_1","option_1","option_1",3,TRUE,"10_Mossambicus","Non-GIFT",NA,2023-12-23 22:52:20,4
124,917254522,"Dec 25, 2023 9:34:49 AM","Dec 23, 2023 11:16:10 AM","Dec 25, 2023 9:25:20 AM","Dec 23, 2023","8cc7db267ff6e052",5,96,967,32074,13,"Danh Si Mel","option_1","option_1","option_2","option_1",5,FALSE,"10_Mossambicus","Non-GIFT","Non-GIFT",2023-12-25 09:34:49,4
125,917262173,"Apr 26, 2023 8:53:37 PM","Apr 26, 2023 2:57:28 PM","Apr 26, 2023 8:50:18 PM","Apr 26, 2023","0AED3878-A257-4CDA-8785-9CC74942B7FD",4,96,967,32086,12,"Huỳnh Thị Kiều Diễm","","option_2","option_2","option_8",5,TRUE,"10_Mossambicus","Non-GIFT","Non-GIFT",2023-04-26 20:53:37,2
126,917264284,"Apr 25, 2023 8:43:29 PM","Apr 25, 2023 9:36:26 AM","Apr 25, 2023 8:38:01 PM","Apr 25, 2023","0AED3878-A257-4CDA-8785-9CC74942B7FD",4,96,964,32035,3,"Trương Văn Tuấn","","option_1","option_1","option_8",5,TRUE,"10_Mossambicus","Non-GIFT","Non-GIFT",2023-04-25 20:43:29,2
127,917272327,"Jun 24, 2023 10:57:34 PM","Jun 23, 2023 8:32:35 AM","Jun 24, 2023 10:56:53 PM","Jun 23, 2023","0AED3878-A257-4CDA-8785-9CC74942B7FD",4,96,966,32048,8,"Nguyễn Tuấn Nhã","option_1","option_5","option_1","option_1",5,TRUE,"10_Mossambicus","Non-GIFT","Non-GIFT",2023-06-24 22:57:34,2
128,917464563,"Apr 26, 2023 8:53:32 PM","Apr 26, 2023 11:13:20 AM","Apr 26, 2023 8:49:50 PM","Apr 26, 2023","0AED3878-A257-4CDA-8785-9CC74942B7FD",4,96,967,32086,11,"Võ Hoàng Cầm","","option_1","option_1","option_8",5,TRUE,"10_Mossambicus","Non-GIFT","Non-GIFT",2023-04-26 20:53:32,2
129,917604313,"Oct 10, 2023 11:37:08 AM","Oct 10, 2023 11:08:58 AM","Oct 10, 2023 11:36:38 AM","Oct 10, 2023","5DB62B9C-760C-4F83-BE5A-56FA54073F8B",4,96,966,32050,9,"Phạm Thị Mận (vợ chủ hộ)","option_1","option_2","option_2","option_8",4,FALSE,"10_Mossambicus","Non-GIFT",NA,2023-10-10 11:37:08,4
130,918049372,"Oct 10, 2023 12:20:30 PM","Oct 10, 2023 11:58:57 AM","Oct 10, 2023 12:20:19 PM","Oct 10, 2023","5DB62B9C-760C-4F83-BE5A-56FA54073F8B",4,96,966,32050,2,"Nguyễn Hải Sản","option_1","option_1","option_1","option_8",5,TRUE,"10_Mossambicus","Non-GIFT","Non-GIFT",2023-10-10 12:20:30,4
131,918467388,"Apr 24, 2023 9:04:55 PM","Apr 24, 2023 3:14:30 PM","Apr 24, 2023 9:03:29 PM","Apr 24, 2023","0AED3878-A257-4CDA-8785-9CC74942B7FD",4,96,964,32035,11,"Đặng thu loan","","option_2","option_2","option_8",5,TRUE,"10_Mossambicus","Non-GIFT","Non-GIFT",2023-04-24 21:04:55,2
132,918649766,"Jun 21, 2023 10:49:54 PM","Jun 21, 2023 8:27:53 AM","Jun 21, 2023 10:48:56 PM","Jun 21, 2023","0AED3878-A257-4CDA-8785-9CC74942B7FD",4,96,967,32069,1,"Trương Đình Quát","option_1","option_1","option_1","option_8",5,TRUE,"10_Mossambicus","Non-GIFT","Non-GIFT",2023-06-21 22:49:54,2
133,918786366,"Oct 3, 2023 8:43:01 PM","Oct 3, 2023 1:11:27 PM","Oct 3, 2023 8:41:51 PM","Oct 3, 2023","8cc7db267ff6e052",5,96,972,32221,4,"Lâm Văn Nhanh","option_1","option_1","option_1","option_8",5,TRUE,"10_Mossambicus","Non-GIFT","Non-GIFT",2023-10-03 20:43:01,4
134,918932210,"Oct 6, 2023 12:13:31 AM","Oct 5, 2023 10:17:48 AM","Oct 5, 2023 11:59:56 PM","Oct 5, 2023","8cc7db267ff6e052",5,96,969,32128,8,"Trần Văn Kiến","option_1","option_1","option_1","option_8",5,TRUE,"10_Mossambicus","Non-GIFT","Non-GIFT",2023-10-06 00:13:31,4
135,918977096,"Oct 10, 2023 7:26:51 AM","Oct 8, 2023 6:46:55 AM","Oct 10, 2023 7:21:41 AM","Oct 8, 2023","ca61ed86ba172374",2,96,966,32059,19,"Nguyễn Văn Lực","option_1","option_1","option_1","option_8",3,FALSE,"05_Molobicus","GIFT-derived",NA,2023-10-10 07:26:51,4
136,919046135,"Jun 27, 2023 9:31:11 PM","Jun 27, 2023 9:05:37 AM","Jun 27, 2023 7:15:36 PM","Jun 27, 2023","0AED3878-A257-4CDA-8785-9CC74942B7FD",4,96,968,32125,12,"Ngô Văn Miền","option_1","option_1","option_1","option_1 option_5",5,FALSE,"10_Mossambicus","Non-GIFT","Non-GIFT",2023-06-27 21:31:11,2
137,919137674,"Oct 15, 2023 11:46:18 AM","Oct 15, 2023 10:18:56 AM","Oct 15, 2023 10:54:35 AM","Oct 15, 2023","5649C633-ECEB-4228-BF9C-8EAFBE4AEE2D",5,96,968,32125,15,"Đinh Văn Phong","option_1","option_1","option_1","option_8",5,FALSE,"10_Mossambicus","Non-GIFT","Non-GIFT",2023-10-15 11:46:18,4
138,919205559,"Jan 2, 2024 7:56:46 PM","Dec 28, 2023 12:26:14 PM","Jan 2, 2024 7:55:49 PM","Dec 28, 2023","D0F2A18D-86D5-49BA-A12D-99AEC26CA55C",6,96,972,32215,6,"Trần Tấn Phong","option_1","option_1","option_1","option_1",5,TRUE,"10_Mossambicus","Non-GIFT","Non-GIFT",2024-01-02 19:56:46,1
139,919357650,"Jul 1, 2023 6:26:35 PM","Jun 29, 2023 1:58:55 PM","Jul 1, 2023 6:20:33 PM","Jun 29, 2023","0AED3878-A257-4CDA-8785-9CC74942B7FD",4,96,969,32143,7,"Huỳnh Thị Đính","option_1","option_2","option_2","option_5",5,FALSE,"10_Mossambicus","Non-GIFT","Non-GIFT",2023-07-01 18:26:35,3
140,919606887,"Dec 25, 2023 7:19:18 PM","Dec 23, 2023 2:44:15 PM","Dec 25, 2023 7:18:23 PM","Dec 23, 2023","D0F2A18D-86D5-49BA-A12D-99AEC26CA55C",6,96,969,32146,6,"Trần Văn Sai","option_1","option_1","option_1","option_1",5,TRUE,"10_Mossambicus","Non-GIFT","Non-GIFT",2023-12-25 19:19:18,4
141,919657767,"Jan 2, 2024 7:56:43 PM","Dec 28, 2023 10:56:00 AM","Jan 2, 2024 7:49:58 PM","Dec 28, 2023","D0F2A18D-86D5-49BA-A12D-99AEC26CA55C",6,96,972,32215,2,"Nguyễn Hữu Thế","option_1","option_1","option_1","option_1",5,TRUE,"10_Mossambicus","Non-GIFT","Non-GIFT",2024-01-02 19:56:43,1
142,919701918,"Oct 6, 2023 12:13:31 AM","Oct 5, 2023 9:22:12 AM","Oct 5, 2023 11:54:35 PM","Oct 5, 2023","8cc7db267ff6e052",5,96,969,32128,7,"Trần Út Thương","option_1","option_1","option_1","option_8",5,FALSE,"10_Mossambicus","Non-GIFT","Non-GIFT",2023-10-06 00:13:31,4
143,919801296,"Jun 26, 2023 8:12:39 PM","Jun 26, 2023 9:09:33 AM","Jun 26, 2023 8:08:37 PM","Jun 26, 2023","0AED3878-A257-4CDA-8785-9CC74942B7FD",4,96,968,32125,2,"Phan Văn Kiệt","option_1","option_1","option_1","option_1",5,TRUE,"10_Mossambicus","Non-GIFT","Non-GIFT",2023-06-26 20:12:39,2
144,919905378,"Dec 26, 2023 9:28:08 AM","Dec 24, 2023 11:04:14 AM","Dec 26, 2023 9:25:49 AM","Dec 24, 2023","8cc7db267ff6e052",5,96,967,32092,6,"Lê Út Em","option_1","option_1","option_1","option_1",5,TRUE,"10_Mossambicus","Non-GIFT","Non-GIFT",2023-12-26 09:28:08,4
145,919925417,"Oct 14, 2023 10:55:04 PM","Oct 13, 2023 11:03:40 PM","Oct 13, 2023 11:18:29 PM","Oct 13, 2023","5649C633-ECEB-4228-BF9C-8EAFBE4AEE2D",2,96,968,32125,18,"Trần Văn Xuyên","option_1","option_1","option_1","option_8",4,TRUE,"10_Mossambicus","Non-GIFT",NA,2023-10-14 22:55:04,4
146,939194754,"Dec 23, 2023 10:52:21 PM","Dec 23, 2023 9:57:38 AM","Dec 23, 2023 10:52:13 PM","Dec 23, 2023","8cc7db267ff6e052",5,96,967,32074,9,"Phạm Hoàng Anh","option_1","option_3","option_1","option_1",4,FALSE,"Unassigned",NA,NA,2023-12-23 22:52:21,4
147,941496272,"Dec 25, 2023 7:19:13 PM","Dec 23, 2023 1:54:26 PM","Dec 25, 2023 7:14:01 PM","Dec 23, 2023","D0F2A18D-86D5-49BA-A12D-99AEC26CA55C",6,96,969,32146,18,"Trần Thị Thuý","option_1","option_1","option_2","option_1",5,FALSE,"10_Mossambicus","Non-GIFT","Non-GIFT",2023-12-25 19:19:13,4
148,941656352,"Apr 25, 2023 8:43:24 PM","Apr 24, 2023 10:46:29 AM","Apr 25, 2023 8:33:50 PM","Apr 24, 2023","0AED3878-A257-4CDA-8785-9CC74942B7FD",4,96,964,32035,7,"Lê minh phụng","","option_1","option_1","option_8",5,TRUE,"10_Mossambicus","Non-GIFT","Non-GIFT",2023-04-25 20:43:24,2
149,942252547,"Dec 25, 2023 7:19:16 PM","Dec 23, 2023 2:16:07 PM","Dec 25, 2023 7:16:11 PM","Dec 23, 2023","D0F2A18D-86D5-49BA-A12D-99AEC26CA55C",6,96,969,32146,12,"Lê Hồng Thuý","option_1","option_2","option_2","option_1",5,TRUE,"10_Mossambicus","Non-GIFT","Non-GIFT",2023-12-25 19:19:16,4
150,942458645,"Dec 20, 2023 11:51:29 PM","Dec 19, 2023 2:39:29 PM","Dec 20, 2023 11:47:40 PM","Dec 19, 2023","8cc7db267ff6e052",5,96,966,32053,8,"Thạch Thị Phone","option_1","option_1","option_2","option_2",5,TRUE,"10_Mossambicus","Non-GIFT","Non-GIFT",2023-12-20 23:51:29,4
151,942488394,"Jun 26, 2023 8:12:48 PM","Jun 26, 2023 9:42:51 AM","Jun 26, 2023 8:08:49 PM","Jun 26, 2023","0AED3878-A257-4CDA-8785-9CC74942B7FD",4,96,968,32125,9,"Lê kiều duyên","option_1","option_1","option_2","option_1",4,FALSE,"10_Mossambicus","Non-GIFT",NA,2023-06-26 20:12:48,2
152,943224149,"Jun 24, 2023 10:57:31 PM","Jun 23, 2023 7:46:02 AM","Jun 24, 2023 10:57:22 PM","Jun 23, 2023","0AED3878-A257-4CDA-8785-9CC74942B7FD",4,96,966,32048,13,"Nguyễn Thảo Vy","option_1","option_3","option_2","option_1",5,TRUE,"10_Mossambicus","Non-GIFT","Non-GIFT",2023-06-24 22:57:31,2
153,943255288,"May 5, 2023 8:15:26 PM","May 5, 2023 8:08:45 AM","May 5, 2023 8:11:10 PM","May 5, 2023","357625082134662",5,96,973,32245,1,"Lê Thị Thủy","","option_2","option_2","option_5",5,TRUE,"RIA1","GIFT-derived","GIFT-derived",2023-05-05 20:15:26,2
154,943282814,"Jun 22, 2023 9:23:14 PM","Jun 22, 2023 11:17:19 AM","Jun 22, 2023 9:09:49 PM","Jun 22, 2023","0AED3878-A257-4CDA-8785-9CC74942B7FD",4,96,967,32077,6,"Lê Văn Thích","option_1","option_1","option_1","option_1",5,FALSE,"10_Mossambicus","Non-GIFT","Non-GIFT",2023-06-22 21:23:14,2
155,943309334,"Jun 24, 2023 10:57:29 PM","Jun 23, 2023 7:09:17 AM","Jun 24, 2023 10:55:22 PM","Jun 23, 2023","0AED3878-A257-4CDA-8785-9CC74942B7FD",4,96,966,32048,12,"Lý Văn Sanh","option_1","option_1","option_1","option_1",5,TRUE,"10_Mossambicus","Non-GIFT","Non-GIFT",2023-06-24 22:57:29,2
156,943381448,"Jun 28, 2023 8:34:55 PM","Jun 27, 2023 10:56:54 AM","Jun 28, 2023 8:33:24 PM","Jun 27, 2023","0AED3878-A257-4CDA-8785-9CC74942B7FD",4,96,968,32125,11,"Lê Thị Lanh","option_1","option_1","option_2","option_1 option_8",4,FALSE,"10_Mossambicus","Non-GIFT",NA,2023-06-28 20:34:55,2
157,943442916,"Dec 25, 2023 9:34:48 AM","Dec 22, 2023 7:24:02 PM","Dec 25, 2023 9:31:37 AM","Dec 22, 2023","8cc7db267ff6e052",5,96,967,32092,10,"Dư Hồng Thẩm","option_1","option_2","option_2","option_1",5,TRUE,"10_Mossambicus","Non-GIFT","Non-GIFT",2023-12-25 09:34:48,4
158,943567687,"Apr 27, 2023 8:27:53 PM","Apr 27, 2023 10:00:07 AM","Apr 27, 2023 8:26:43 PM","Apr 27, 2023","0AED3878-A257-4CDA-8785-9CC74942B7FD",4,96,970,32174,11,"Huỳnh Văn Đấu","","option_1","option_1","option_8",4,FALSE,"Unassigned",NA,NA,2023-04-27 20:27:53,2
159,943820577,"Oct 14, 2023 10:55:07 PM","Oct 14, 2023 12:22:41 AM","Oct 14, 2023 12:35:14 AM","Oct 14, 2023","5649C633-ECEB-4228-BF9C-8EAFBE4AEE2D",2,96,968,32125,13,"Nguyễn Văn Đề","option_1","option_1","option_1","option_8",4,TRUE,"10_Mossambicus","Non-GIFT",NA,2023-10-14 22:55:07,4
160,944094464,"Dec 20, 2023 11:51:27 PM","Dec 19, 2023 1:19:52 PM","Dec 20, 2023 11:35:52 PM","Dec 19, 2023","8cc7db267ff6e052",5,96,966,32053,10,"Võ Văn Sơn","option_1","option_1","option_1","option_1",4,TRUE,"10_Mossambicus","Non-GIFT",NA,2023-12-20 23:51:27,4
161,944128678,"Oct 6, 2023 12:13:32 AM","Oct 6, 2023 12:00:11 AM","Oct 6, 2023 12:09:57 AM","Oct 6, 2023","8cc7db267ff6e052",5,96,969,32128,4,"Nguyễn Khắc Nhã","option_1","option_1","option_1","option_8",5,TRUE,"10_Mossambicus","Non-GIFT","Non-GIFT",2023-10-06 00:13:32,4
163,944654164,"Jun 24, 2023 10:57:36 PM","Jun 23, 2023 9:50:14 AM","Jun 24, 2023 10:56:24 PM","Jun 23, 2023","0AED3878-A257-4CDA-8785-9CC74942B7FD",4,96,966,32048,0,"Phạm Thị Mai","option_1","option_2","option_2","option_5",5,FALSE,"10_Mossambicus","Non-GIFT","Non-GIFT",2023-06-24 22:57:36,2
164,945227592,"Dec 25, 2023 7:33:09 PM","Dec 23, 2023 4:58:52 PM","Dec 25, 2023 7:32:37 PM","Dec 23, 2023","D0F2A18D-86D5-49BA-A12D-99AEC26CA55C",6,96,969,32146,4,"Trang Văn Hòn","option_1","option_1","option_1","option_1 option_2",5,FALSE,"RIA1","GIFT-derived","GIFT-derived",2023-12-25 19:33:09,4
166,946007866,"Jun 27, 2023 9:30:38 PM","Jun 27, 2023 7:46:42 AM","Jun 27, 2023 7:12:33 PM","Jun 27, 2023","0AED3878-A257-4CDA-8785-9CC74942B7FD",4,96,968,32125,6,"Nguyễn Văn Chiến","option_1","option_1","option_1","option_1",5,FALSE,"10_Mossambicus","Non-GIFT","Non-GIFT",2023-06-27 21:30:38,2
167,946166340,"Dec 25, 2023 7:03:15 PM","Dec 23, 2023 10:03:45 AM","Dec 23, 2023 10:39:38 PM","Dec 23, 2023","D0F2A18D-86D5-49BA-A12D-99AEC26CA55C",6,96,969,32146,1,"Đặng Thị Hoa","option_1","option_3","option_2","option_1 option_6",5,FALSE,"05_Molobicus","GIFT-derived","Non-GIFT",2023-12-25 19:03:15,4
168,946323203,"Oct 14, 2023 10:55:05 PM","Oct 13, 2023 11:24:25 PM","Oct 13, 2023 11:41:16 PM","Oct 13, 2023","5649C633-ECEB-4228-BF9C-8EAFBE4AEE2D",2,96,968,32125,1,"Châu Thị Tính","option_1","option_1","option_2","option_5",5,FALSE,"10_Mossambicus","Non-GIFT","Non-GIFT",2023-10-14 22:55:05,4
169,946578170,"Jan 2, 2024 7:56:44 PM","Dec 28, 2023 11:34:18 AM","Jan 2, 2024 7:52:43 PM","Dec 28, 2023","D0F2A18D-86D5-49BA-A12D-99AEC26CA55C",6,96,972,32215,4,"Huỳnh Phước Thiện","option_1","option_1","option_1","option_1",5,TRUE,"10_Mossambicus","Non-GIFT","Non-GIFT",2024-01-02 19:56:44,1
170,946599006,"Dec 25, 2023 7:33:07 PM","Dec 23, 2023 4:29:00 PM","Dec 25, 2023 7:25:07 PM","Dec 23, 2023","D0F2A18D-86D5-49BA-A12D-99AEC26CA55C",6,96,969,32146,3,"Đoàn Thị Thu","option_1","option_4","option_2","option_1",3,TRUE,"10_Mossambicus","Non-GIFT",NA,2023-12-25 19:33:07,4
171,946790053,"Apr 26, 2023 8:53:11 PM","Apr 26, 2023 8:01:06 AM","Apr 26, 2023 8:46:57 PM","Apr 26, 2023","0AED3878-A257-4CDA-8785-9CC74942B7FD",4,96,967,32086,2,"Nguyễn Thị Diễm","","option_3","option_2","option_8",5,TRUE,"10_Mossambicus","Non-GIFT","Non-GIFT",2023-04-26 20:53:11,2
172,946793540,"Jul 1, 2023 6:27:14 PM","Jun 29, 2023 2:02:55 PM","Jun 30, 2023 7:10:43 PM","Jun 29, 2023","0AED3878-A257-4CDA-8785-9CC74942B7FD",4,96,969,32143,6,"Phạm Văn Thạch","option_1","option_1","option_1","option_1",5,TRUE,"10_Mossambicus","Non-GIFT","Non-GIFT",2023-07-01 18:27:14,3
173,946807451,"Dec 25, 2023 9:34:47 AM","Dec 22, 2023 7:23:43 PM","Dec 25, 2023 9:29:07 AM","Dec 22, 2023","8cc7db267ff6e052",5,96,967,32092,1,"Nguyễn Văn Tư","option_1","option_1","option_1","option_1",4,TRUE,"10_Mossambicus","Non-GIFT",NA,2023-12-25 09:34:47,4
174,946914551,"Jan 2, 2024 7:56:42 PM","Dec 28, 2023 10:29:41 AM","Jan 2, 2024 7:48:11 PM","Dec 28, 2023","D0F2A18D-86D5-49BA-A12D-99AEC26CA55C",6,96,972,32215,3,"Lê Phương Vũ","option_1","option_1","option_1","option_1",5,FALSE,"10_Mossambicus","Non-GIFT","Non-GIFT",2024-01-02 19:56:42,1
175,947000807,"Apr 22, 2023 8:28:24 PM","Apr 22, 2023 10:44:18 AM","Apr 22, 2023 8:28:08 PM","Apr 22, 2023","ca61ed86ba172374",2,67,664,24709,10,"LÊ THỊ NHIỆM","","option_2","option_2","option_5",1,FALSE,"RIA1","GIFT-derived","GIFT-derived",2023-04-22 20:28:24,2
176,947022616,"Dec 25, 2023 9:34:48 AM","Dec 23, 2023 10:30:31 AM","Dec 25, 2023 9:22:23 AM","Dec 23, 2023","8cc7db267ff6e052",5,96,967,32074,11,"Võ Văn Quân","option_1","option_1","option_1","option_1",4,TRUE,"10_Mossambicus","Non-GIFT",NA,2023-12-25 09:34:48,4
177,947054756,"Dec 25, 2023 7:03:12 PM","Dec 23, 2023 8:49:29 AM","Dec 23, 2023 10:33:48 PM","Dec 23, 2023","D0F2A18D-86D5-49BA-A12D-99AEC26CA55C",6,96,969,32146,7,"Lâm Văn Gồm","option_1","option_1","option_1","option_1",5,TRUE,"10_Mossambicus","Non-GIFT","Non-GIFT",2023-12-25 19:03:12,4
178,947119383,"Dec 20, 2023 11:51:28 PM","Dec 19, 2023 1:52:55 PM","Dec 20, 2023 11:39:39 PM","Dec 19, 2023","8cc7db267ff6e052",5,96,966,32053,11,"Phan Bích Nhiên","option_1","option_5","option_2","option_1",5,FALSE,"10_Mossambicus","Non-GIFT","Non-GIFT",2023-12-20 23:51:28,4
179,947184642,"Jun 28, 2023 8:34:42 PM","Jun 27, 2023 10:23:53 AM","Jun 28, 2023 8:32:03 PM","Jun 27, 2023","0AED3878-A257-4CDA-8785-9CC74942B7FD",4,96,968,32125,7,"Nguyễn Hồng Tím","option_1","option_2","option_2","option_1",5,TRUE,"10_Mossambicus","Non-GIFT","Non-GIFT",2023-06-28 20:34:42,2
180,947372633,"Dec 25, 2023 7:03:18 PM","Dec 23, 2023 11:12:16 AM","Dec 23, 2023 10:47:25 PM","Dec 23, 2023","D0F2A18D-86D5-49BA-A12D-99AEC26CA55C",6,96,969,32146,2,"Võ Thị Điểu","option_1","option_1","option_2","option_1",4,TRUE,"10_Mossambicus","Non-GIFT",NA,2023-12-25 19:03:18,4
181,947437352,"Jun 26, 2023 8:12:54 PM","Jun 26, 2023 10:19:18 AM","Jun 26, 2023 8:08:43 PM","Jun 26, 2023","0AED3878-A257-4CDA-8785-9CC74942B7FD",4,96,968,32125,14,"Lê Văn Dự","option_1","option_1","option_1","option_1",4,FALSE,"10_Mossambicus","Non-GIFT",NA,2023-06-26 20:12:54,2
182,947557377,"Dec 25, 2023 7:32:59 PM","Dec 23, 2023 3:09:45 PM","Dec 25, 2023 7:21:10 PM","Dec 23, 2023","D0F2A18D-86D5-49BA-A12D-99AEC26CA55C",6,96,969,32146,5,"Trần Văn Dung","option_1","option_1","option_1","option_1",4,TRUE,"10_Mossambicus","Non-GIFT",NA,2023-12-25 19:32:59,4
183,947710776,"Jun 27, 2023 9:31:00 PM","Jun 27, 2023 8:24:11 AM","Jun 27, 2023 7:13:55 PM","Jun 27, 2023","0AED3878-A257-4CDA-8785-9CC74942B7FD",4,96,968,32125,4,"Trần Văn Đảm","option_1","option_1","option_1","option_1 option_5",5,TRUE,"10_Mossambicus","Non-GIFT","Non-GIFT",2023-06-27 21:31:00,2
184,947903664,"Oct 10, 2023 10:37:16 AM","Oct 10, 2023 10:20:45 AM","Oct 10, 2023 10:36:33 AM","Oct 10, 2023","5DB62B9C-760C-4F83-BE5A-56FA54073F8B",4,96,966,32050,13,"Cao Thanh Thế","option_1","option_5","option_1","option_8",5,TRUE,"10_Mossambicus","Non-GIFT","Non-GIFT",2023-10-10 10:37:16,4
185,948454212,"Oct 4, 2023 11:28:55 PM","Oct 4, 2023 10:53:50 PM","Oct 4, 2023 11:09:38 PM","Oct 4, 2023","8cc7db267ff6e052",5,96,969,32128,6,"Nguyễn Văn Hùng","option_1","option_1","option_1","option_8",4,FALSE,"10_Mossambicus","Non-GIFT",NA,2023-10-04 23:28:55,4
186,948837834,"Oct 29, 2023 4:33:52 PM","Oct 29, 2023 4:25:43 PM","Oct 29, 2023 4:33:19 PM","Oct 29, 2023","5649C633-ECEB-4228-BF9C-8EAFBE4AEE2D",2,96,966,32048,3,"Trần Tuấn Phi","option_1","option_1","option_1","option_8",5,FALSE,"10_Mossambicus","Non-GIFT","Non-GIFT",2023-10-29 16:33:52,4
187,948996595,"Jun 22, 2023 9:23:09 PM","Jun 22, 2023 9:02:20 AM","Jun 22, 2023 9:13:32 PM","Jun 22, 2023","0AED3878-A257-4CDA-8785-9CC74942B7FD",4,96,967,32077,4,"Nguyễn Chí Thiện","option_1","option_1","option_1","option_1 option_5",5,FALSE,"10_Mossambicus","Non-GIFT","Non-GIFT",2023-06-22 21:23:09,2
188,949127013,"Apr 24, 2023 9:04:52 PM","Apr 24, 2023 1:27:03 PM","Apr 24, 2023 9:01:46 PM","Apr 24, 2023","0AED3878-A257-4CDA-8785-9CC74942B7FD",4,96,964,32035,13,"Lăm Thu Em","","option_1","option_2","option_8",5,FALSE,"10_Mossambicus","Non-GIFT","Non-GIFT",2023-04-24 21:04:52,2
189,949327554,"Apr 24, 2023 9:04:50 PM","Apr 24, 2023 12:38:33 PM","Apr 24, 2023 9:00:30 PM","Apr 24, 2023","0AED3878-A257-4CDA-8785-9CC74942B7FD",4,96,964,32035,10,"Huỳnh tứ hải","","option_3","option_1","option_5",5,TRUE,"10_Mossambicus","Non-GIFT","Non-GIFT",2023-04-24 21:04:50,2
190,949889817,"Oct 4, 2023 9:03:06 PM","Oct 4, 2023 2:51:54 PM","Oct 4, 2023 3:19:26 PM","Oct 4, 2023","8cc7db267ff6e052",5,96,969,32128,13,"Trần Thị Cúc","option_1","option_1","option_2","option_8",5,TRUE,"10_Mossambicus","Non-GIFT","Non-GIFT",2023-10-04 21:03:06,4
191,949956126,"Oct 4, 2023 11:26:47 PM","Oct 4, 2023 11:10:15 PM","Oct 4, 2023 11:25:31 PM","Oct 4, 2023","8cc7db267ff6e052",5,96,972,32221,3,"Phạm Út Em","option_1","option_3","option_1","option_8",5,TRUE,"10_Mossambicus","Non-GIFT","Non-GIFT",2023-10-04 23:26:47,4
192,964067221,"Oct 4, 2023 9:25:02 PM","Oct 4, 2023 11:06:17 AM","Oct 4, 2023 9:24:55 PM","Oct 4, 2023","8cc7db267ff6e052",5,96,969,32128,15,"Ngô Thị Sậu","option_1","option_2","option_2","option_6",5,FALSE,"10_Mossambicus","Non-GIFT","Non-GIFT",2023-10-04 21:25:02,4
193,966491239,"Jun 23, 2023 11:13:02 PM","Jun 23, 2023 9:31:47 AM","Jun 23, 2023 11:12:12 PM","Jun 23, 2023","ca61ed86ba172374",2,67,663,24685,3,"Nguyễn Hồng Khởi","option_1","option_2","option_2","option_5",5,TRUE,"RIA1","GIFT-derived","GIFT-derived",2023-06-23 23:13:02,2
194,968338835,"Jan 2, 2024 2:53:06 PM","Dec 28, 2023 8:16:51 AM","Jan 2, 2024 2:33:17 PM","Dec 28, 2023","D0F2A18D-86D5-49BA-A12D-99AEC26CA55C",6,96,972,32215,11,"Trần Ngọc Phân","option_1","option_2","option_2","option_1",4,TRUE,"10_Mossambicus","Non-GIFT",NA,2024-01-02 14:53:06,1
195,971501868,"May 15, 2023 3:24:44 PM","May 15, 2023 2:48:56 PM","May 15, 2023 3:24:44 PM","May 15, 2023","(web)",1,20,187,6472,14,"Mã Văn Dũng","","option_1","option_1","option_2",5,FALSE,"RIA1","GIFT-derived","GIFT-derived",2023-05-15 15:24:44,2
196,974474639,"Apr 24, 2023 9:04:48 PM","Apr 24, 2023 9:41:25 AM","Apr 24, 2023 8:54:33 PM","Apr 24, 2023","0AED3878-A257-4CDA-8785-9CC74942B7FD",4,96,964,32035,9,"Dương thị dung","","option_2","option_2","option_8",5,TRUE,"10_Mossambicus","Non-GIFT","Non-GIFT",2023-04-24 21:04:48,2
197,975472252,"Jun 23, 2023 7:10:40 PM","Jun 23, 2023 2:23:28 PM","Jun 23, 2023 3:00:18 PM","Jun 23, 2023","668fa2006a285b94",1,8,75,2464,10,"Hoàng văn ánh","option_1","option_1","option_1","option_5",5,TRUE,"RIA1","GIFT-derived","GIFT-derived",2023-06-23 19:10:40,2
198,975828542,"Apr 24, 2023 8:55:49 PM","Apr 23, 2023 3:34:52 PM","Apr 24, 2023 8:52:31 PM","Apr 23, 2023","357625082134662",5,15,141,4768,9,"Tạ thanh lam","","option_3","option_2","option_6",5,TRUE,"RIA1","GIFT-derived","GIFT-derived",2023-04-24 20:55:49,2
199,975864596,"Apr 28, 2023 7:49:01 AM","Apr 27, 2023 3:32:15 PM","Apr 28, 2023 7:48:36 AM","Apr 27, 2023","357625082134662",5,25,232,8179,7,"Đỗ Văn Sinh","","option_1","option_1","option_6",5,FALSE,"RIA1","GIFT-derived","GIFT-derived",2023-04-28 07:49:01,2
200,976984325,"Jun 22, 2023 2:31:47 PM","Jun 22, 2023 12:32:23 PM","Jun 22, 2023 2:31:31 PM","Jun 22, 2023","668fa2006a285b94",1,8,70,2209,12,"Phạm tiến hảo","option_1","option_2","option_1","option_5",2,TRUE,"RIA1","GIFT-derived","GIFT-derived",2023-06-22 14:31:47,2
201,977011837,"Oct 3, 2023 6:13:29 PM","Oct 3, 2023 5:52:30 PM","Oct 3, 2023 6:13:13 PM","Oct 3, 2023","357625082134662",1,8,74,2398,2,"Hoàng thế bền","option_1","option_1","option_1","option_5",5,FALSE,"RIA1","GIFT-derived","GIFT-derived",2023-10-03 18:13:29,4
202,977465368,"Jun 26, 2023 3:55:29 PM","Jun 26, 2023 3:28:42 PM","Jun 26, 2023 3:54:36 PM","Jun 26, 2023","E4881F81-7CE5-4A9C-BD11-E9E9E0116051",3,15,141,4714,5,"Trần văn điểm","option_1","option_1","option_1","option_2",3,TRUE,"RIA1","GIFT-derived","GIFT-derived",2023-06-26 15:55:29,2
203,981455325,"Jun 23, 2023 7:10:36 PM","Jun 23, 2023 1:32:58 PM","Jun 23, 2023 2:18:17 PM","Jun 23, 2023","668fa2006a285b94",1,8,75,2464,11,"Đoàn văn cu","option_1","option_1","option_1","option_2",5,TRUE,"10_Mossambicus","Non-GIFT","Non-GIFT",2023-06-23 19:10:36,2
205,982447805,"Jun 27, 2023 12:06:54 PM","Jun 27, 2023 11:16:09 AM","Jun 27, 2023 11:52:27 AM","Jun 27, 2023","E4881F81-7CE5-4A9C-BD11-E9E9E0116051",3,15,141,4747,3,"Vũ văn việt","option_1","option_1","option_1","option_5",3,TRUE,"RIA1","GIFT-derived","GIFT-derived",2023-06-27 12:06:54,2
206,984158937,"Dec 12, 2023 12:09:09 PM","Dec 12, 2023 11:57:39 AM","Dec 12, 2023 12:08:55 PM","Dec 12, 2023","357625082134662",1,8,75,2500,5,"Nguyễn Văn Chung","option_1","option_1","option_1","option_6",3,TRUE,"RIA1","GIFT-derived","GIFT-derived",2023-12-12 12:09:09,4
207,984536430,"Jun 23, 2023 9:06:55 AM","Jun 23, 2023 8:17:15 AM","Jun 23, 2023 9:06:06 AM","Jun 23, 2023","668fa2006a285b94",1,8,75,2446,11,"Hứa thị tiền","option_1","option_2","option_2","option_6",4,TRUE,"RIA1","GIFT-derived","GIFT-derived",2023-06-23 09:06:55,2
208,985616026,"Dec 22, 2023 6:59:42 PM","Dec 19, 2023 3:58:35 PM","Dec 22, 2023 6:49:45 PM","Dec 19, 2023","8cc7db267ff6e052",5,96,966,32053,6,"Lâm Hoàng Vĩnh","option_1","option_1","option_1","option_1",5,FALSE,"10_Mossambicus","Non-GIFT","Non-GIFT",2023-12-22 18:59:42,4
209,986723899,"Apr 28, 2023 8:09:13 PM","Apr 27, 2023 8:00:59 AM","Apr 27, 2023 3:38:46 PM","Apr 27, 2023","668fa2006a285b94",1,38,390,15136,13,"Cao hong ha","","option_1","option_1","option_6",5,FALSE,"RIA1","GIFT-derived","GIFT-derived",2023-04-28 20:09:13,2
211,987587118,"Oct 12, 2023 10:59:22 AM","Oct 12, 2023 9:09:04 AM","Oct 12, 2023 9:46:10 AM","Oct 12, 2023","056cac11318aed22",3,60,601,23239,13,"Nguyễn Tài Thuận","option_1","option_1","option_1","option_5",5,TRUE,"RIA1","GIFT-derived","GIFT-derived",2023-10-12 10:59:22,4
212,987657676,"Oct 4, 2023 9:03:05 PM","Oct 4, 2023 9:26:55 AM","Oct 4, 2023 9:02:28 PM","Oct 4, 2023","8cc7db267ff6e052",5,96,969,32128,11,"Lê Kim Phỉ","option_1","option_4","option_2","option_8",5,TRUE,"10_Mossambicus","Non-GIFT","Non-GIFT",2023-10-04 21:03:05,4
215,988142551,"Jun 27, 2023 10:31:09 PM","Jun 27, 2023 1:08:14 PM","Jun 27, 2023 10:30:24 PM","Jun 27, 2023","668fa2006a285b94",1,19,168,5647,2,"Lưu văn muôn","option_1","option_1","option_1","option_6",5,FALSE,"03_BEST","GIFT-derived","GIFT-derived",2023-06-27 22:31:09,2
