"","I_Q2","S1_ID","S1_assign","S2_ID","S2_assign","S3_ID","S3_assign","S4_ID","S4_assign","S5_ID","S5_assign","S6_ID","S6_assign","S7_ID","S7_assign","S8_ID","S8_assign","S9_ID","S9_assign","total_samples","Str1_similar","Str2_similar","Str3_similar","Str1_dominant","Str2_dominant","Str3_dominant","Strain_present_1_sample","Strain_present_1_pond"
"1",36311466,"Q1-254","GENOGain","Q1-296","GENOGain","Q1-252","RIA1",NA,NA,NA,NA,NA,NA,NA,NA,NA,NA,NA,NA,3,FALSE,FALSE,FALSE,"None",NA,NA,"GIFT-derived","Other"
"2",326221322,NA,NA,"Q1-793","RIA1","Q1-518","RIA1",NA,NA,NA,NA,NA,NA,NA,NA,NA,NA,NA,NA,2,TRUE,FALSE,FALSE,"None",NA,NA,"GIFT-derived","Other"
"3",328284324,NA,NA,"Q2-552","RIA1",NA,NA,"Q2-659","RIA1","Q3-1434","RIA1","Q3-1261","RIA1",NA,NA,NA,NA,NA,NA,4,FALSE,TRUE,FALSE,"None","RIA1",NA,"GIFT-derived","GIFT-derived"
"4",342296346,NA,NA,NA,NA,NA,NA,"Q5-1337","RIA1","Q5-1231","RIA1","Q5-1210","RIA1",NA,NA,NA,NA,NA,NA,3,FALSE,TRUE,FALSE,NA,"RIA1",NA,"GIFT-derived","GIFT-derived"
"5",342504172,NA,NA,NA,NA,NA,NA,"Q5-1183","RIA1","Q5-1123","RIA1","Q5-1100","RIA1",NA,NA,NA,NA,NA,NA,3,FALSE,TRUE,FALSE,NA,"RIA1",NA,"GIFT-derived","GIFT-derived"
"6",343850999,NA,NA,NA,NA,NA,NA,"Q5-1495","RIA1","Q5-1200","RIA1","Q5-1216","RIA1",NA,NA,NA,NA,NA,NA,3,FALSE,TRUE,FALSE,NA,"RIA1",NA,"GIFT-derived","GIFT-derived"
"7",349411068,"Q5-1004","RIA1","Q5-1102","RIA1","Q5-1376","RIA1",NA,NA,NA,NA,NA,NA,NA,NA,NA,NA,NA,NA,3,TRUE,FALSE,FALSE,"RIA1",NA,NA,"GIFT-derived","GIFT-derived"
"8",349445875,"Q5-1115","RIA1","Q5-1203","RIA1","Q5-1048","RIA1",NA,NA,NA,NA,NA,NA,NA,NA,NA,NA,NA,NA,3,TRUE,FALSE,FALSE,"RIA1",NA,NA,"GIFT-derived","GIFT-derived"
"9",353343678,"Q5-1470","RIA1","Q5-1156","RIA1","Q5-1230","RIA1",NA,NA,NA,NA,NA,NA,NA,NA,NA,NA,NA,NA,3,TRUE,FALSE,FALSE,"RIA1",NA,NA,"GIFT-derived","GIFT-derived"
"10",353492590,"Q1-053","RIA1","Q1-364","RIA1","Q1-037","RIA1",NA,NA,NA,NA,NA,NA,NA,NA,NA,NA,NA,NA,3,TRUE,FALSE,FALSE,"RIA1",NA,NA,"GIFT-derived","GIFT-derived"
"11",364226416,"Q3-1149","RIA1","Q2-663","RIA1","Q3-1155","RIA1",NA,NA,NA,NA,NA,NA,NA,NA,NA,NA,NA,NA,3,TRUE,FALSE,FALSE,"RIA1",NA,NA,"GIFT-derived","GIFT-derived"
"12",367212746,"Q1-437","RIA1","Q1-085","RIA1",NA,NA,NA,NA,NA,NA,NA,NA,NA,NA,NA,NA,NA,NA,2,TRUE,FALSE,FALSE,"RIA1",NA,NA,"GIFT-derived","GIFT-derived"
"13",372758738,"Q1-146","05_Molobicus","Q1-128","RIA1","Q1-016","05_Molobicus",NA,NA,NA,NA,NA,NA,NA,NA,NA,NA,NA,NA,3,FALSE,FALSE,FALSE,"None",NA,NA,"GIFT-derived","Other"
"14",376111859,"Q1-428","RIA1","Q1-158","RIA1","Q1-366","RIA1",NA,NA,NA,NA,NA,NA,NA,NA,NA,NA,NA,NA,3,TRUE,FALSE,FALSE,"RIA1",NA,NA,"GIFT-derived","GIFT-derived"
"15",377224722,"Q1-151","RIA1","Q1-065","RIA1","Q1-017","RIA1",NA,NA,NA,NA,NA,NA,NA,NA,NA,NA,NA,NA,3,TRUE,FALSE,FALSE,"RIA1",NA,NA,"GIFT-derived","GIFT-derived"
"16",377977122,"Q1-557","RIA1","Q1-698","RIA1","Q1-777","RIA1",NA,NA,NA,NA,NA,NA,NA,NA,NA,NA,NA,NA,3,TRUE,FALSE,FALSE,"RIA1",NA,NA,"GIFT-derived","GIFT-derived"
"17",383050340,"Q3-1053","RIA1","Q2-893","RIA1","Q4-1586","RIA1",NA,NA,"Q3-1011","RIA1","Q3-1359","RIA1",NA,NA,NA,NA,NA,NA,5,TRUE,TRUE,FALSE,"RIA1","None",NA,"GIFT-derived","GIFT-derived"
"18",383611625,"Q3-1023","RIA1","Q2-636","RIA1","Q2-610","RIA1",NA,NA,NA,NA,NA,NA,NA,NA,NA,NA,NA,NA,3,TRUE,FALSE,FALSE,"RIA1",NA,NA,"GIFT-derived","GIFT-derived"
"19",386633289,"Q1-477","RIA1",NA,NA,NA,NA,NA,NA,NA,NA,NA,NA,NA,NA,NA,NA,NA,NA,1,FALSE,FALSE,FALSE,"None",NA,NA,"GIFT-derived","Other"
"20",386868832,"Q5-1479","RIA1","Q5-1206","RIA1","Q5-1075","RIA1",NA,NA,NA,NA,NA,NA,NA,NA,NA,NA,NA,NA,3,TRUE,FALSE,FALSE,"RIA1",NA,NA,"GIFT-derived","GIFT-derived"
"21",388902726,NA,NA,NA,NA,NA,NA,"Q1-124","RIA1","Q1-014","RIA1","Q1-403","RIA1","Q1-483","RIA1","Q1-316","RIA1","Q1-136","RIA1",6,FALSE,TRUE,TRUE,NA,"RIA1","RIA1","GIFT-derived","GIFT-derived"
"22",394727427,NA,NA,"Q6-1579","RIA1","Q6-1729","RIA1",NA,NA,NA,NA,NA,NA,NA,NA,NA,NA,NA,NA,2,TRUE,FALSE,FALSE,"None",NA,NA,"GIFT-derived","Other"
"23",396504572,"Q1-083","RIA1","Q1-277","RIA1","Q1-466","RIA1",NA,NA,NA,NA,NA,NA,NA,NA,NA,NA,NA,NA,3,TRUE,FALSE,FALSE,"RIA1",NA,NA,"GIFT-derived","GIFT-derived"
"24",398990955,"Q1-343","RIA1","Q1-289","RIA1","Q1-315","RIA1",NA,NA,NA,NA,NA,NA,NA,NA,NA,NA,NA,NA,3,TRUE,FALSE,FALSE,"RIA1",NA,NA,"GIFT-derived","GIFT-derived"
"25",399928888,"Q1-061","GENOGain","Q1-249","GENOGain","Q1-126","RIA1","Q1-033","GENOGain",NA,NA,"Q1-120","RIA1",NA,NA,NA,NA,NA,NA,5,FALSE,FALSE,FALSE,"None","None",NA,"GIFT-derived","Other"
"26",827331888,"Q3-1279","RIA1","Q2-503","RIA1","Q3-1295","RIA1","Q2-585","RIA1","Q3-1196","RIA1","Q3-1168","RIA1",NA,NA,NA,NA,NA,NA,6,TRUE,TRUE,FALSE,"RIA1","RIA1",NA,"GIFT-derived","GIFT-derived"
"27",833731191,"Q2-627","RIA1","Q3-1314","RIA1",NA,NA,"Q2-597","RIA1","Q4-1524","RIA1","Q3-1487","RIA1",NA,NA,NA,NA,NA,NA,5,TRUE,TRUE,FALSE,"RIA1","RIA1",NA,"GIFT-derived","GIFT-derived"
"28",837843579,"Q1-273","RIA1","Q1-093","RIA1","Q1-426","RIA1",NA,NA,NA,NA,NA,NA,NA,NA,NA,NA,NA,NA,3,TRUE,FALSE,FALSE,"RIA1",NA,NA,"GIFT-derived","GIFT-derived"
"29",839994539,"Q1-055","RIA1","Q1-368","RIA1","Q1-013","RIA1",NA,NA,NA,NA,NA,NA,NA,NA,NA,NA,NA,NA,3,TRUE,FALSE,FALSE,"RIA1",NA,NA,"GIFT-derived","GIFT-derived"
"30",902669429,"Q1-344","RIA1","Q1-399","RIA1","Q1-416","RIA1",NA,NA,NA,NA,NA,NA,NA,NA,NA,NA,NA,NA,3,TRUE,FALSE,FALSE,"RIA1",NA,NA,"GIFT-derived","GIFT-derived"
"31",903472918,"Q5-1021","RIA1","Q5-1161","RIA1","Q5-1275","RIA1",NA,NA,NA,NA,NA,NA,NA,NA,NA,NA,NA,NA,3,TRUE,FALSE,FALSE,"RIA1",NA,NA,"GIFT-derived","GIFT-derived"
"32",905197325,NA,NA,NA,NA,NA,NA,NA,NA,NA,NA,NA,NA,"Q3-1058","RIA1","Q3-1141","RIA1","Q3-1271","RIA1",3,FALSE,FALSE,TRUE,NA,NA,"RIA1","GIFT-derived","GIFT-derived"
"33",909645640,"Q3-1103","RIA1","Q2-989","RIA1","Q2-704","RIA1",NA,NA,NA,NA,NA,NA,NA,NA,NA,NA,NA,NA,3,TRUE,FALSE,FALSE,"RIA1",NA,NA,"GIFT-derived","GIFT-derived"
"34",909748966,"Q3-1442","RIA1",NA,NA,"Q2-566","RIA1",NA,NA,NA,NA,NA,NA,NA,NA,NA,NA,NA,NA,2,TRUE,FALSE,FALSE,"RIA1",NA,NA,"GIFT-derived","GIFT-derived"
"35",912439348,"Q5-1381","RIA1","Q5-1287","RIA1","Q5-1057","RIA1",NA,NA,NA,NA,NA,NA,NA,NA,NA,NA,NA,NA,3,TRUE,FALSE,FALSE,"RIA1",NA,NA,"GIFT-derived","GIFT-derived"
"36",912675385,"Q1-297","RIA1","Q1-378","RIA1","Q1-370","RIA1",NA,NA,NA,NA,NA,NA,NA,NA,NA,NA,NA,NA,3,TRUE,FALSE,FALSE,"RIA1",NA,NA,"GIFT-derived","GIFT-derived"
"37",913439941,"Q5-1145","RIA1","Q5-1339","RIA1","Q5-1450","RIA1",NA,NA,NA,NA,NA,NA,NA,NA,NA,NA,NA,NA,3,TRUE,FALSE,FALSE,"RIA1",NA,NA,"GIFT-derived","GIFT-derived"
"38",913689657,"Q1-340","RIA1","Q1-353","RIA1","Q1-117","RIA1",NA,NA,NA,NA,NA,NA,NA,NA,NA,NA,NA,NA,3,TRUE,FALSE,FALSE,"RIA1",NA,NA,"GIFT-derived","GIFT-derived"
"39",914101478,NA,NA,"Q6-1530","RIA1",NA,NA,NA,NA,NA,NA,NA,NA,NA,NA,NA,NA,NA,NA,1,FALSE,FALSE,FALSE,"None",NA,NA,"GIFT-derived","Other"
"40",914117185,"Q5-1443","RIA1","Q5-1244","RIA1","Q5-1463","RIA1","Q5-1173","RIA1","Q5-1040","RIA1","Q5-1247","RIA1",NA,NA,NA,NA,NA,NA,6,TRUE,TRUE,FALSE,"RIA1","RIA1",NA,"GIFT-derived","GIFT-derived"
"41",914127656,"Q6-1597","RIA1","Q6-1571","RIA1","Q6-1529","RIA1",NA,NA,NA,NA,NA,NA,NA,NA,NA,NA,NA,NA,3,TRUE,FALSE,FALSE,"RIA1",NA,NA,"GIFT-derived","GIFT-derived"
"42",914265736,"Q5-1188","RIA1",NA,NA,"Q5-1360","RIA1",NA,NA,NA,NA,NA,NA,NA,NA,NA,NA,NA,NA,2,TRUE,FALSE,FALSE,"RIA1",NA,NA,"GIFT-derived","GIFT-derived"
"43",917415529,"Q1-389","RIA1","Q1-006","RIA1","Q1-105","RIA1",NA,NA,NA,NA,NA,NA,NA,NA,NA,NA,NA,NA,3,TRUE,FALSE,FALSE,"RIA1",NA,NA,"GIFT-derived","GIFT-derived"
"44",918212978,"Q1-470","RIA1","Q1-073","RIA1","Q1-159","05_Molobicus",NA,NA,NA,NA,NA,NA,NA,NA,NA,NA,NA,NA,3,FALSE,FALSE,FALSE,"None",NA,NA,"GIFT-derived","Other"
"45",918549695,"Q5-1066","RIA1","Q5-1205","RIA1","Q5-1345","RIA1",NA,NA,NA,NA,NA,NA,NA,NA,NA,NA,NA,NA,3,TRUE,FALSE,FALSE,"RIA1",NA,NA,"GIFT-derived","GIFT-derived"
"46",918571400,"Q2-643","RIA1","Q4-1530","RIA1","Q3-1292","RIA1",NA,NA,NA,NA,NA,NA,NA,NA,NA,NA,NA,NA,3,TRUE,FALSE,FALSE,"RIA1",NA,NA,"GIFT-derived","GIFT-derived"
"47",918865857,"Q1-484","RIA1","Q2-630","RIA1","Q1-233","RIA1",NA,NA,NA,NA,NA,NA,NA,NA,NA,NA,NA,NA,3,TRUE,FALSE,FALSE,"RIA1",NA,NA,"GIFT-derived","GIFT-derived"
"48",919292964,"Q1-250","RIA1","Q3-1258","RIA1","Q2-652","RIA1",NA,NA,NA,NA,NA,NA,NA,NA,NA,NA,NA,NA,3,TRUE,FALSE,FALSE,"RIA1",NA,NA,"GIFT-derived","GIFT-derived"
"49",921507962,"Q1-138","RIA1",NA,NA,"Q1-425","RIA1",NA,NA,NA,NA,NA,NA,NA,NA,NA,NA,NA,NA,2,TRUE,FALSE,FALSE,"RIA1",NA,NA,"GIFT-derived","GIFT-derived"
"50",922571368,"Q5-1103","RIA1","Q5-1290","RIA1","Q5-1380","RIA1",NA,NA,NA,NA,NA,NA,NA,NA,NA,NA,NA,NA,3,TRUE,FALSE,FALSE,"RIA1",NA,NA,"GIFT-derived","GIFT-derived"
"51",933002255,"Q5-1012","RIA1","Q5-1093","RIA1","Q5-1149","RIA1",NA,NA,NA,NA,NA,NA,NA,NA,NA,NA,NA,NA,3,TRUE,FALSE,FALSE,"RIA1",NA,NA,"GIFT-derived","GIFT-derived"
"52",935339178,"Q5-1365","03_BEST","Q6-1598","03_BEST","Q6-1736","03_BEST",NA,NA,NA,NA,NA,NA,NA,NA,NA,NA,NA,NA,3,TRUE,FALSE,FALSE,"03_BEST",NA,NA,"Other","Other"
"53",938001776,"Q5-1135","RIA1","Q5-1270","RIA1","Q5-1196","RIA1","Q5-1388","RIA1","Q5-1306","RIA1","Q5-1262","RIA1",NA,NA,"Q5-1131","RIA1","Q5-1406","RIA1",8,TRUE,TRUE,TRUE,"RIA1","RIA1","None","GIFT-derived","GIFT-derived"
"54",944977252,"Q5-1314","RIA1","Q5-1223","RIA1","Q5-1120","RIA1",NA,NA,NA,NA,NA,NA,NA,NA,NA,NA,NA,NA,3,TRUE,FALSE,FALSE,"RIA1",NA,NA,"GIFT-derived","GIFT-derived"
"55",946191088,"Q5-1459","RIA1","Q5-1464","RIA1","Q5-1442","RIA1",NA,NA,NA,NA,NA,NA,NA,NA,NA,NA,NA,NA,3,TRUE,FALSE,FALSE,"RIA1",NA,NA,"GIFT-derived","GIFT-derived"
"56",947344150,"Q5-1404","RIA1","Q5-1192","RIA1","Q5-1458","RIA1",NA,NA,NA,NA,NA,NA,NA,NA,NA,NA,NA,NA,3,TRUE,FALSE,FALSE,"RIA1",NA,NA,"GIFT-derived","GIFT-derived"
"57",961425456,"Q1-112","RIA1","Q1-282","RIA1","Q1-419","RIA1",NA,NA,NA,NA,NA,NA,NA,NA,NA,NA,NA,NA,3,TRUE,FALSE,FALSE,"RIA1",NA,NA,"GIFT-derived","GIFT-derived"
"58",962286927,"Q1-663","RIA1","Q1-735","RIA1","Q1-744","RIA1","Q1-662","RIA1","Q1-685","RIA1","Q1-767","RIA1",NA,NA,NA,NA,NA,NA,6,TRUE,TRUE,FALSE,"RIA1","RIA1",NA,"GIFT-derived","GIFT-derived"
"59",962738665,"Q1-371","RIA1","Q1-503","RIA1","Q1-773","RIA1",NA,NA,NA,NA,NA,NA,NA,NA,NA,NA,NA,NA,3,TRUE,FALSE,FALSE,"RIA1",NA,NA,"GIFT-derived","GIFT-derived"
"60",963256278,NA,NA,"Q6-1720","RIA1","Q6-1532","RIA1",NA,NA,NA,NA,NA,NA,NA,NA,NA,NA,NA,NA,2,TRUE,FALSE,FALSE,"None",NA,NA,"GIFT-derived","Other"
"61",964604578,"Q1-246","RIA1","Q1-115","RIA1","Q1-246","RIA1",NA,NA,NA,NA,NA,NA,NA,NA,NA,NA,NA,NA,3,TRUE,FALSE,FALSE,"RIA1",NA,NA,"GIFT-derived","GIFT-derived"
"62",966254261,NA,NA,"Q1-446","RIA1",NA,NA,NA,NA,NA,NA,NA,NA,NA,NA,NA,NA,NA,NA,1,FALSE,FALSE,FALSE,"None",NA,NA,"GIFT-derived","Other"
"63",968137999,"Q1-057","RIA1","Q1-072","RIA1","Q1-026","RIA1",NA,NA,NA,NA,NA,NA,NA,NA,NA,NA,NA,NA,3,TRUE,FALSE,FALSE,"RIA1",NA,NA,"GIFT-derived","GIFT-derived"
"64",971832862,"Q2-965","RIA1","Q2-555","RIA1","Q3-1002","RIA1","Q2-742","RIA1","Q2-827","RIA1","Q2-799","RIA1",NA,NA,NA,NA,NA,NA,6,TRUE,TRUE,FALSE,"RIA1","RIA1",NA,"GIFT-derived","GIFT-derived"
"65",972752885,"Q3-1459","RIA1",NA,NA,"Q2-753","RIA1",NA,NA,NA,NA,NA,NA,NA,NA,NA,NA,NA,NA,2,TRUE,FALSE,FALSE,"RIA1",NA,NA,"GIFT-derived","GIFT-derived"
"66",973266124,"Q1-018","RIA1","Q1-041","RIA1","Q1-027","RIA1",NA,NA,NA,NA,NA,NA,NA,NA,NA,NA,NA,NA,3,TRUE,FALSE,FALSE,"RIA1",NA,NA,"GIFT-derived","GIFT-derived"
"67",973715421,NA,NA,NA,NA,NA,NA,"Q5-1109","RIA1","Q5-1333","RIA1","Q5-1457","03_BEST",NA,NA,NA,NA,NA,NA,3,FALSE,FALSE,FALSE,NA,"None",NA,"GIFT-derived","Other"
"68",974511862,"Q5-1402","RIA1","Q6-1719","RIA1","Q6-1573","RIA1",NA,NA,NA,NA,NA,NA,NA,NA,NA,NA,NA,NA,3,TRUE,FALSE,FALSE,"RIA1",NA,NA,"GIFT-derived","GIFT-derived"
"69",974667669,NA,NA,NA,NA,NA,NA,NA,NA,"Q1-367","RIA1","Q1-058","RIA1",NA,NA,NA,NA,NA,NA,2,FALSE,TRUE,FALSE,NA,"None",NA,"GIFT-derived","Other"
"70",975009479,"Q5-1392","RIA1","Q5-1039","RIA1","Q5-1476","RIA1",NA,NA,NA,NA,NA,NA,NA,NA,NA,NA,NA,NA,3,TRUE,FALSE,FALSE,"RIA1",NA,NA,"GIFT-derived","GIFT-derived"
"71",975871927,"Q1-591","RIA1","Q1-699","RIA1","Q1-646","RIA1",NA,NA,NA,NA,NA,NA,NA,NA,NA,NA,NA,NA,3,TRUE,FALSE,FALSE,"RIA1",NA,NA,"GIFT-derived","GIFT-derived"
"72",976019119,"Q5-1215","RIA1","Q5-1054","RIA1","Q5-1397","RIA1","Q5-1498","RIA1","Q5-1259","RIA1","Q5-1304","05_Molobicus","Q5-1315","RIA1","Q5-1252","RIA1","Q5-1363","RIA1",9,TRUE,FALSE,TRUE,"RIA1","None","RIA1","GIFT-derived","GIFT-derived"
"73",976308278,"Q1-293","RIA1","Q1-108","RIA1","Q1-137","RIA1",NA,NA,NA,NA,NA,NA,NA,NA,NA,NA,NA,NA,3,TRUE,FALSE,FALSE,"RIA1",NA,NA,"GIFT-derived","GIFT-derived"
"74",976476237,"Q3-1296","RIA1","Q2-667","RIA1","Q3-1102","RIA1",NA,NA,NA,NA,NA,NA,NA,NA,NA,NA,NA,NA,3,TRUE,FALSE,FALSE,"RIA1",NA,NA,"GIFT-derived","GIFT-derived"
"75",977006676,"Q1-069","RIA1","Q1-100","RIA1","Q1-294","RIA1","Q1-150","GENOGain","Q1-142","GENOGain","Q1-172","GENOGain",NA,NA,NA,NA,NA,NA,6,TRUE,TRUE,FALSE,"RIA1","GENOGain",NA,"GIFT-derived","GIFT-derived"
"76",977277004,"Q2-860","RIA1","Q2-550","RIA1","Q2-782","RIA1",NA,NA,NA,NA,NA,NA,NA,NA,NA,NA,NA,NA,3,TRUE,FALSE,FALSE,"RIA1",NA,NA,"GIFT-derived","GIFT-derived"
"77",982163175,"Q5-1175","RIA1","Q5-1477","RIA1","Q5-1082","RIA1",NA,NA,NA,NA,NA,NA,NA,NA,NA,NA,NA,NA,3,TRUE,FALSE,FALSE,"RIA1",NA,NA,"GIFT-derived","GIFT-derived"
"78",982555245,"Q1-130","RIA1","Q1-154","RIA1","Q1-291","RIA1",NA,NA,NA,NA,NA,NA,NA,NA,NA,NA,NA,NA,3,TRUE,FALSE,FALSE,"RIA1",NA,NA,"GIFT-derived","GIFT-derived"
"79",984734517,"Q6-1751","RIA1","Q6-1542","RIA1","Q6-1741","RIA1",NA,NA,NA,NA,NA,NA,NA,NA,NA,NA,NA,NA,3,TRUE,FALSE,FALSE,"RIA1",NA,NA,"GIFT-derived","GIFT-derived"
"80",985088743,"Q1-413","RIA1",NA,NA,"Q2-855","RIA1",NA,NA,NA,NA,NA,NA,NA,NA,NA,NA,NA,NA,2,TRUE,FALSE,FALSE,"RIA1",NA,NA,"GIFT-derived","GIFT-derived"
"81",985477425,"Q3-1246","RIA1","Q3-1419","RIA1","Q2-701","RIA1",NA,NA,NA,NA,NA,NA,NA,NA,NA,NA,NA,NA,3,TRUE,FALSE,FALSE,"RIA1",NA,NA,"GIFT-derived","GIFT-derived"
"82",985664326,"Q6-1603","RIA1","Q6-1754","RIA1","Q6-1577","RIA1",NA,NA,NA,NA,NA,NA,NA,NA,NA,NA,NA,NA,3,TRUE,FALSE,FALSE,"RIA1",NA,NA,"GIFT-derived","GIFT-derived"
"83",985725368,"Q5-1341","RIA1","Q5-1065","RIA1","Q5-1116","RIA1",NA,NA,NA,NA,NA,NA,NA,NA,NA,NA,NA,NA,3,TRUE,FALSE,FALSE,"RIA1",NA,NA,"GIFT-derived","GIFT-derived"
"84",987096379,"Q5-1408","RIA1","Q5-1069","RIA1","Q5-1326","RIA1",NA,NA,NA,NA,NA,NA,NA,NA,NA,NA,NA,NA,3,TRUE,FALSE,FALSE,"RIA1",NA,NA,"GIFT-derived","GIFT-derived"
"85",987375937,NA,NA,"Q6-1503","RIA1","Q6-1510","RIA1",NA,NA,NA,NA,NA,NA,NA,NA,NA,NA,NA,NA,2,TRUE,FALSE,FALSE,"None",NA,NA,"GIFT-derived","Other"
"86",989232063,"Q2-853","RIA1","Q2-982","03_BEST","Q3-1462","RIA1",NA,NA,NA,NA,NA,NA,NA,NA,NA,NA,NA,NA,3,FALSE,FALSE,FALSE,"None",NA,NA,"GIFT-derived","Other"
"87",989632331,"Q2-981","RIA1","Q2-649","RIA1",NA,NA,NA,NA,NA,NA,NA,NA,NA,NA,NA,NA,NA,NA,2,TRUE,FALSE,FALSE,"RIA1",NA,NA,"GIFT-derived","GIFT-derived"
