...1,Province_ID,SubmissionDate,start,end,today,deviceid,Enumerator_ID,District_name,Commune_name,Hatchery_ID,I_Q3,I_Q4,I_Q4o,Start.PlotRoster,numplots,plot_roster_count,plotnum_1,R_Q1_1,R_Q2_1,R_Q2o_1,R_Q3_1,R_Q3_0_1,R_Q301_1,R_Q3a_1,District_name_source_1,Commune_name_source_1,R_Q4_1,R_Q4a_1,R_Q5_1,R_Q6_1,R_Q7_1,R_Q8_1,R_Q8a_1,R_Q8b_1,R_Q8c_1,R_Q9_1,R_Q10_1,plotnum_2,R_Q1_2,R_Q2_2,R_Q2o_2,R_Q3_2,R_Q3_0_2,R_Q301_2,R_Q3a_2,District_name_source_2,Commune_name_source_2,R_Q4_2,R_Q4a_2,R_Q5_2,R_Q6_2,R_Q7_2,R_Q8_2,R_Q8a_2,R_Q8b_2,R_Q8c_2,R_Q9_2,R_Q10_2,plotnum_3,R_Q1_3,R_Q2_3,R_Q2o_3,R_Q3_3,R_Q3_0_3,R_Q301_3,R_Q3a_3,District_name_source_3,Commune_name_source_3,R_Q4_3,R_Q4a_3,R_Q5_3,R_Q6_3,R_Q7_3,R_Q8_3,R_Q8a_3,R_Q8b_3,R_Q8c_3,R_Q9_3,R_Q10_3,R_Q11,R_Q12,R_Q11b,R_Q11c,R_Q11c_option_1,R_Q11c_option_2,R_Q11c_option_3,R_Q11c_option_4,R_Q11c_option_5,R_Q11c_option_6,R_Q11c_option_7,R_Q11c1,End.PlotRoster,Sampling_roster_count,Samplenum_1,Strain_name_1,S_Q0b_1,S_Q1.Altitude_1,S_Q1.Accuracy_1,S_Q2_1,Ponds_1,Sample_count_1,S_Q10_1_1,S_Q10b_1_1,S_Q10_1_2,S_Q10b_1_2,S_Q10_1_3,S_Q10b_1_3,Samplenum_2,Strain_name_2,S_Q0b_2,S_Q1.Latitude_2,S_Q1.Longitude_2,S_Q1.Altitude_2,S_Q1.Accuracy_2,S_Q2_2,Ponds_2,Sample_count_2,S_Q10_2_1,S_Q10b_2_1,S_Q10_2_2,S_Q10b_2_2,S_Q10_2_3,S_Q10b_2_3,Samplenum_3,Strain_name_3,S_Q0b_3,S_Q1.Latitude_3,S_Q1.Longitude_3,S_Q1.Altitude_3,S_Q1.Accuracy_3,S_Q2_3,Ponds_3,Sample_count_3,S_Q10_3_1,S_Q10b_3_1,S_Q10_3_2,S_Q10b_3_2,S_Q10_3_3,S_Q10b_3_3,nb_samples,End.Sampling_roster,Dur.Roster,Dur.Sampling,signature,End_Comments,X__version__,instanceID,formdef_version,KEY,X,S1_ID,S1_assign,S2_ID,S2_assign,S3_ID,S3_assign,S4_ID,S4_assign,S5_ID,S5_assign,S6_ID,S6_assign,S7_ID,S7_assign,S8_ID,S8_assign,S9_ID,S9_assign,total_samples,Str1_similar,Str2_similar,Str3_similar,Str1_dominant,Str2_dominant,Str3_dominant,Strain_present_1_sample,Strain_present_1_pond,Province_name,Region,CSMAP,R_Q8_rec,GIFT_for_sale,Origin_fin,S_Q1.Latitude_anonymized,S_Q1.Longitude_anonymized
1,2,4/25/2023 17:00,4/25/2023 16:05,4/25/2023 16:26,25-Apr-23,E4881F81-7CE5-4A9C-BD11-E9E9E0116051,3,Vị xuyên,Đạo đức,250401,Cán bộ kỹ thuật,option_5,Đơn vị sự nghiệp công lập thuộc sở nông nghiệp hà giang,16:09:00,1,1,1,Trại cá nhập lâu nên không nhớ dòng cá là gì vì lấy giống ở Hải Dương,option_3,,Viện nghiên cứu giống cá nước ngọt miền bắc ở hải dương,option_1,964376315,30,Phú tảo,Phú tảo,option_2,,,,option_99,20,option_3,option_2,0,1000,4,,,,,,,,,,,,,,,,,,,,,,,,,,,,,,,,,,,,,,,,,,,option_1,Tên giống không biết vì là giống nhập từ hải dương về nên không biết rõ tên giống,option_2,,,,,,,,,,16:21:00,1,1,Trại cá nhập lâu nên không nhớ dòng cá là gì vì lấy giống ở Hải Dương,1,96.5,8,18,1 cơ sở,3,Q1-083,,Q1-277,,Q1-466,,,,,,,,,,,,,,,,,,,,,,,,,,,,,,,,,,3,16:23:00,11,2,https://vhlss23test.surveycto.com/view/submission-attachment/1682414635903.jpg?uuid=uuid%3A65a6e7ae-607e-4b2f-a9c8-92c68cfd2840,"Lưu ye về bảng hỏi tên trại giống ( đã viết cụ thể lại ) , tên dòng cá khoing nhớ ( vì nhập lâu nên k nắm rõ) , và tên trại cá nhập giống ở hải dương ( lưu ý vì chủ trại nhớ không rõ )",vPLgT4JJBcbPzUGUssuxcS,uuid:65a6e7ae-607e-4b2f-a9c8-92c68cfd2840,2304241104,uuid:65a6e7ae-607e-4b2f-a9c8-92c68cfd2840,23,Q1-083,RIA1,Q1-277,RIA1,Q1-466,RIA1,,,,,,,,,,,,,3,TRUE,FALSE,FALSE,RIA1,,,GIFT-derived,GIFT-derived,Tinh Ha Giang,2_NMMA,,2.00E+05,FALSE,FALSE,22.7131686,104.9969984
2,4,6/27/2023 6:32,6/26/2023 10:17,6/26/2023 12:48,26-Jun-23,668fa2006a285b94,1,51,1708,0,Phụ trách trại,option_1,,09:21:21,2,2,1,Đường nghiệp,option_1,,A hai,option_1,946500601,27,261,9394,option_1,option_1,option_2,,option_99,10,option_3,option_1,99,1500,5,2,Đường nghiệp,option_3,,"Trại cá phú bình, a luân",option_1,985088743,19,173,,option_1,option_2,option_2,,option_99,3,option_3,option_1,90,1500,5,,,,,,,,,,,,,,,,,,,,,,option_2,,option_1,option_7,0,0,0,0,0,0,1,"Dàn cá bố mẹ và kỹ thuật từ năm 2010, của thái nguyên",09:35:18,2,1,Đường nghiệp,1,212.4,4.9,5,1 cơ sở,3,,Q31279,,Q2503,,Q31295,2,Đường nghiệp,2,22.6521663,106.1880824,183.2,4.3,17,2 cơ sở (2:1),3,,Q2585,,Q31196,,Q31168,,,,,,,,,,,,,,,,,6,10:20:51,13,45,https://vhlss23test.surveycto.com/view/submission-attachment/1687753223951.jpg?uuid=uuid%3Ac086e907-a805-4cbf-b9f9-4a0e4e5c053a,"Trai nhập 2 đợt 1 năm thường là bán hết, chỉ nuôi ít để kiểm tra giống, từ 2010 có đc hỗ trợ cá bố mẹ và kĩ thuật trường nông lám thái nguyên",vPLgT4JJBcbPzUGUssuxcS,uuid:c086e907-a805-4cbf-b9f9-4a0e4e5c053a,2306161529,uuid:c086e907-a805-4cbf-b9f9-4a0e4e5c053a,26,Q3-1279,RIA1,Q2-503,RIA1,Q3-1295,RIA1,Q2-585,RIA1,Q3-1196,RIA1,Q3-1168,RIA1,,,,,,,6,TRUE,TRUE,FALSE,RIA1,RIA1,,GIFT-derived,GIFT-derived,Tinh Cao Bang,2_NMMA,,1.00E+05,FALSE,FALSE,22.61801746,106.1708101
3,4,4/28/2023 16:29,4/28/2023 16:17,4/28/2023 16:29,28-Apr-23,E4881F81-7CE5-4A9C-BD11-E9E9E0116051,3,Thành phố cao bằng,Hưng đạo,280401,Quản lý trại cá,option_4,,16:20:00,1,1,1,Bảo lộc,option_3,,Trại cá bắc giang,option_2,,24,Thành phố bắc giang,Thành phố bắc giang,option_1,option_1,option_2,,option_99,3,option_3,option_2,0,1500,4,,,,,,,,,,,,,,,,,,,,,,,,,,,,,,,,,,,,,,,,,,,option_2,,option_2,,,,,,,,,,16:25:00,1,1,Bảo lộc,1,196.2,16,15,1 cơ sở,3,,Q1-343,Q1-289,,Q1-315,,,,,,,,,,,,,,,,,,,,,,,,,,,,,,,,,,3,16:28:00,4,3,https://vhlss23test.surveycto.com/view/submission-attachment/1682674126969.jpg?uuid=uuid%3Ad3e9ed21-996d-4048-aa69-80d3a579ce26,Lưu ý về mã huyện và xã nhập cá của trại cá vì là ở thành phố bắc giang,vPLgT4JJBcbPzUGUssuxcS,uuid:d3e9ed21-996d-4048-aa69-80d3a579ce26,2304241104,uuid:d3e9ed21-996d-4048-aa69-80d3a579ce26,24,Q1-343,RIA1,Q1-289,RIA1,Q1-315,RIA1,,,,,,,,,,,,,3,TRUE,FALSE,FALSE,RIA1,,,GIFT-derived,GIFT-derived,Tinh Cao Bang,2_NMMA,,30000,FALSE,FALSE,22.70860186,106.1487552
4,6,10/02/2023 18:56,10/02/2023 14:51,10/02/2023 15:58,02-Oct-23,3.58E+14,1,63,2008,2911,Trại trưởng,option_1,,14:39:19,1,1,1,Đường Nghiệp,option_4,,Công ty Thủy sản Cường Dung,option_1,915144419,27,261,9394,option_1,option_1,option_2,,option_2,50,option_3,option_2,0,1500,5,,,,,,,,,,,,,,,,,,,,,,,,,,,,,,,,,,,,,,,,,,,option_2,,option_2,,,,,,,,,,14:46:20,1,1,Đường Nghiệp,1,140.3,7,5,1 cơ sở,3,,Q5-1175,,Q5-1477,,Q5-1082,,,,,,,,,,,,,,,,,,,,,,,,,,,,,,,,,3,14:49:29,7,3,https://vhlss23test.surveycto.com/view/submission-attachment/1696236581687.jpg?uuid=uuid%3A667d8bbd-562f-4536-9fdb-60c6915d5602,Cá nhỏ,vPLgT4JJBcbPzUGUssuxcS,uuid:667d8bbd-562f-4536-9fdb-60c6915d5602,2306161529,uuid:667d8bbd-562f-4536-9fdb-60c6915d5602,77,Q5-1175,RIA1,Q5-1477,RIA1,Q5-1082,RIA1,,,,,,,,,,,,,3,TRUE,FALSE,FALSE,RIA1,,,GIFT-derived,GIFT-derived,Tinh Bac Kan,2_NMMA,,5.00E+05,FALSE,FALSE,22.21129106,105.8308824
5,8,6/23/2023 19:10,6/23/2023 16:45,6/23/2023 18:05,23-Jun-23,668fa2006a285b94,1,75,2488,220601,Chủ hộ,option_4,,16:58:33,2,2,1,Đường nghiệp,option_4,,Không nhớ,option_1,377679659,26,,,option_1,option_1,option_2,,option_99,7,option_3,option_1,99,900,4,2,Bảo lộc,option_4,,Ko nhớ,option_1,377679659,26,246,,option_1,option_1,option_2,,option_99,12,option_3,option_1,99,1000,4,,,,,,,,,,,,,,,,,,,,,,option_2,,option_2,,,,,,,,,,17:13:02,2,1,Đường nghiệp,1,59.4,4.8,17,1 cơ sở,3,,Q2675,,Q2552,,Q41566,2,Bảo lộc,1,21.8198364,105.1697622,14.4,4.9,7,1 cơ sở,3,,Q2659,,Q31434,,Q31261,,,,,,,,,,,,,,,,,6,18:03:24,14,50,https://vhlss23test.surveycto.com/view/submission-attachment/1687518216552.jpg?uuid=uuid%3A3dcfe2d2-d067-4acf-b984-a4d2d40b76aa,Chủ yếu bán cho hộ dân và đại lý đến lấy,vPLgT4JJBcbPzUGUssuxcS,uuid:3dcfe2d2-d067-4acf-b984-a4d2d40b76aa,2306161529,uuid:3dcfe2d2-d067-4acf-b984-a4d2d40b76aa,3,,,Q2-552,RIA1,,,Q2-659,RIA1,Q3-1434,RIA1,Q3-1261,RIA1,,,,,,,4,FALSE,TRUE,FALSE,None,RIA1,,GIFT-derived,GIFT-derived,Tinh Tuyen Quang,2_NMMA,,70000,FALSE,FALSE,21.80890881,105.1817562
6,8,4/22/2023 19:17,4/21/2023 17:48,4/22/2023 19:14,21-Apr-23,E4881F81-7CE5-4A9C-BD11-E9E9E0116051,3,Sơn dương,Sơn dương,2101,Phụ trách,option_2,,15:51:00,1,1,1,Đường nghiệp,option_4,,Trung tâm trại cá uông bí quảng ninh,,,22,Sơn dương,Sơn dương,option_1,option_1,option_2,,option_2,6,option_3,option_2,0,1000,3,,,,,,,,,,,,,,,,,,,,,,,,,,,,,,,,,,,,,,,,,,,option_2,,option_2,,,,,,,,,,15:56:00,1,1,Đường nghiệp,1,70.2,12,20,1 cơ sở,3,Q1-246,,Q1-115,,Q1-246,,,,,,,,,,,,,,,,,,,,,,,,,,,,,,,,,,3,17:33:00,4,97,,"Lưu ý lại mã số trại , mã số huyện xã , mẫu này là ở trại cá ( không có trong danh sách khảo sát ) ở sơn dương tuyên quang",vPLgT4JJBcbPzUGUssuxcS,uuid:565ab5be-7cfd-4e2d-8ddd-13b1f4c5559e,2304200923,uuid:565ab5be-7cfd-4e2d-8ddd-13b1f4c5559e,61,Q1-246,RIA1,Q1-115,RIA1,Q1-246,RIA1,,,,,,,,,,,,,3,TRUE,FALSE,FALSE,RIA1,,,GIFT-derived,GIFT-derived,Tinh Tuyen Quang,2_NMMA,,60000,FALSE,FALSE,21.67614473,105.4536104
7,8,10/03/2023 18:44,10/03/2023 18:14,10/03/2023 18:44,03-Oct-23,3.58E+14,1,74,2398,31001,Chủ trại cá,option_4,,18:15:30,2,2,1,Bảo lộc,option_4,,Công ty nguyễn đức trí,option_1,399928888,30,298,11086,option_1,option_1,option_2,,option_2,15,option_3,option_2,0,2000,5,2,Đường nghiệp,option_4,,99,option_1,342894742,22,205,7069,option_1,option_1,option_1,option_3,option_2,30,option_3,option_2,,1000,5,,,,,,,,,,,,,,,,,,,,,,option_2,,option_2,,,,,,,,,,18:26:59,2,1,Bảo lộc,0,6,16,,3 cơ sở ngẫu nhiên (1:1:1,3,,,,,,,2,Đường nghiệp,1,22.1118092,104.9987915,2,17.2,5,1 cơ sở,3,Q5-1109,,Q5-1333,,Q5-1457,,,,,,,,,,,,,,,,,,6,18:43:31,11,16,https://vhlss23test.surveycto.com/view/submission-attachment/1696333420812.jpg?uuid=uuid%3A48c56889-809e-478c-a774-d9739ee47b26,"Trại trong 12 tháng qua có 2 dòng, nhưng hiện nay chỉ có 1 dòng đường nghiệp. Nên chỉ lấy 3 mẫu cá dòng đường nghiệp",vPLgT4JJBcbPzUGUssuxcS,uuid:48c56889-809e-478c-a774-d9739ee47b26,2306161529,uuid:48c56889-809e-478c-a774-d9739ee47b26,67,,,,,,,Q5-1109,RIA1,Q5-1333,RIA1,Q5-1457,03_BEST,,,,,,,3,FALSE,FALSE,FALSE,,None,,GIFT-derived,Other,Tinh Tuyen Quang,2_NMMA,,150000,FALSE,FALSE,22.08094781,104.98855
8,8,4/24/2023 18:41,4/24/2023 18:17,4/24/2023 18:26,24-Apr-23,E4881F81-7CE5-4A9C-BD11-E9E9E0116051,3,Na hang,Sơn phú,240401,Chủ trại,option_4,,18:19:00,1,1,1,Không nhớ,option_4,,Trại cá cường ở bắc kan,option_2,,6,Na hang,Sơn phú,option_1,option_1,option_2,,option_99,1,option_4,option_2,0,1500,3,,,,,,,,,,,,,,,,,,,,,,,,,,,,,,,,,,,,,,,,,,,option_2,,option_2,,,,,,,,,,18:24:00,1,1,Không nhớ,1,220.3,6,15,1 cơ sở,3,Q1-146,,Q1-128,,Q1-016,,,,,,,,,,,,,,,,,,,,,,,,,,,,,,,,,,3,18:25:00,5,0,https://vhlss23test.surveycto.com/view/submission-attachment/1682335552473.jpg?uuid=uuid%3A2e511e51-c7b6-4708-8a7d-fc68b4182d79,Lưu ý phần giá bán và nhập cá vì trại cá đã lâu rồi k bán cá giống hay nhập về,vPLgT4JJBcbPzUGUssuxcS,uuid:2e511e51-c7b6-4708-8a7d-fc68b4182d79,2304241104,uuid:2e511e51-c7b6-4708-8a7d-fc68b4182d79,13,Q1-146,05_Molobicus,Q1-128,RIA1,Q1-016,05_Molobicus,,,,,,,,,,,,,3,FALSE,FALSE,FALSE,None,,,GIFT-derived,Other,Tinh Tuyen Quang,2_NMMA,,900,FALSE,FALSE,22.39494376,105.4580555
9,8,6/24/2023 13:12,6/24/2023 9:35,6/24/2023 11:05,24-Jun-23,668fa2006a285b94,1,70,2512,240601,Phụ trách đơn vị,option_1,,09:38:03,2,2,1,Đường nghiệp,option_6,Tự sản xuất,Trung tâm giống thủy sản,option_1,914095880,8,70,2512,option_2,,,,option_99,110,option_3,option_1,99,1000,5,2,Bảo lộc,option_4,,Không nhớ,option_2,,31,316,,option_1,option_1,option_2,,option_99,20,option_3,option_1,99,1500,5,,,,,,,,,,,,,,,,,,,,,,option_1,Đường nghiệp,option_1,option_2,0,1,0,0,0,0,0,,09:51:47,2,1,Đường nghiệp,10,30.4,4.9,5,3 cơ sở ngẫu nhiên (1:1:1,3,,Q2627,,Q31314,,Q31452,2,Bảo lộc,2,21.7588403,105.19842,32.2,4.2,18,2 cơ sở (2:1),3,,Q2597,,Q41524,,Q31487,,,,,,,,,,,,,,,,,6,10:05:56,13,14,https://vhlss23test.surveycto.com/view/submission-attachment/1687579450032.jpg?uuid=uuid%3Ab3e83812-4422-48aa-963d-2e2ab5780a4b,TT có cá bố mẹ sx giống đơn tính khoảng 75-95  phần trăm tùy thời tiết,vPLgT4JJBcbPzUGUssuxcS,uuid:b3e83812-4422-48aa-963d-2e2ab5780a4b,2306161529,uuid:b3e83812-4422-48aa-963d-2e2ab5780a4b,27,Q2-627,RIA1,Q3-1314,RIA1,,,Q2-597,RIA1,Q4-1524,RIA1,Q3-1487,RIA1,,,,,,,5,TRUE,TRUE,FALSE,RIA1,RIA1,,GIFT-derived,GIFT-derived,Tinh Tuyen Quang,2_NMMA,,1100000,FALSE,TRUE,21.78531305,105.2351668
10,10,4/22/2023 17:14,4/22/2023 16:36,4/22/2023 16:46,22-Apr-23,3.58E+14,5,Bảo Thắng,Phú Nhuận,2949,Kế toán,option_1,,15:39:28,1,1,1,Đường Nghiệp,option_4,,99,,,20,99,99,option_1,option_2,option_1,option_3,option_99,10,option_3,option_2,0,600,3,,,,,,,,,,,,,,,,,,,,,,,,,,,,,,,,,,,,,,,,,,,option_2,,option_2,,,,,,,,,,15:40:47,1,1,Đường Nghiệp,1,62.2,13.1,20,1 cơ sở,3,,Q1-477,,,,,,,,,,,,,,,,,,,,,,,,,,,,,,,,,,,,,3,15:41:44,1,0,https://vhlss23test.surveycto.com/view/submission-attachment/1682156513924.jpg?uuid=uuid%3A5b239835-bef4-45c3-941f-889cc42d48b5,"Phiếu nhập lại nên định vị trong phiếu không chính xác, tọa độ chính xác là:
Tọa độ: N 22°15'21""
Kinh độ: E 104°10'29""
Độ cao: 58,5m
Độ chính xác: 10m",vPLgT4JJBcbPzUGUssuxcS,uuid:5b239835-bef4-45c3-941f-889cc42d48b5,2304211647,uuid:5b239835-bef4-45c3-941f-889cc42d48b5,19,Q1-477,RIA1,,,,,,,,,,,,,,,,,1,FALSE,FALSE,FALSE,None,,,GIFT-derived,Other,Tinh Lao Cai,2_NMMA,,1.00E+05,FALSE,FALSE,22.49834583,103.9957428
11,10,4/22/2023 17:14,4/22/2023 11:25,4/22/2023 16:50,22-Apr-23,3.58E+14,5,Bát Xát,Quang Kim,2929,Trưởng trại,option_1,,11:27:37,1,1,1,Đường nghiệp,option_6,Hợp tác xã,99,,,30,Thanh Miện,Thị trấn Thanh Miện,option_1,option_1,option_2,,option_1,5,option_3,option_1,50,1000,4,,,,,,,,,,,,,,,,,,,,,,,,,,,,,,,,,,,,,,,,,,,option_2,,option_2,,,,,,,,,,11:31:18,1,1,Đường nghiệp,2,58.3,24.5,22,2 cơ sở (2:1),3,,Q1-133,,Q1-446,,Q1-127,,,,,,,,,,,,,,,,,,,,,,,,,,,,,,,,,3,12:00:34,3,29,https://vhlss23test.surveycto.com/view/submission-attachment/1682139652323.jpg?uuid=uuid%3A5b96b1cd-4089-4b71-8037-a365eb873918,Mã cơ sở mà trại cái nhập về không kịp tra nên em để dạng không biết. Chị nhập giúp em với ạ. Thank,vPLgT4JJBcbPzUGUssuxcS,uuid:5b96b1cd-4089-4b71-8037-a365eb873918,2304211647,uuid:5b96b1cd-4089-4b71-8037-a365eb873918,62,,,Q1-446,RIA1,,,,,,,,,,,,,,,1,FALSE,FALSE,FALSE,None,,,GIFT-derived,Other,Tinh Lao Cai,2_NMMA,,50000,TRUE,FALSE,22.51895313,103.9240166
12,14,10/05/2023 17:40,10/05/2023 16:03,10/05/2023 17:40,05-Oct-23,3.58E+14,1,116,3646,2081,Chủ trại cá,option_4,,16:05:25,1,1,1,Bảo lộc,option_4,,Trại cá nguyễn văn hùng,option_1,982191515,27,261,9394,option_1,option_1,option_2,,option_2,10,option_3,option_2,0,1000,4,,,,,,,,,,,,,,,,,,,,,,,,,,,,,,,,,,,,,,,,,,,option_2,,option_2,,,,,,,,,,16:10:31,1,1,Bảo lộc,2,564.6,6.2,10,2 cơ sở (2:1),3,Q5-1021,,Q5-1161,,Q5-1275,,,,,,,,,,,,,,,,,,,,,,,,,,,,,,,,,,3,16:15:18,5,4,https://vhlss23test.surveycto.com/view/submission-attachment/1696497363203.jpg?uuid=uuid%3Afa6d1964-d991-4376-a379-05c656e9be60,Không,vPLgT4JJBcbPzUGUssuxcS,uuid:fa6d1964-d991-4376-a379-05c656e9be60,2306161529,uuid:fa6d1964-d991-4376-a379-05c656e9be60,31,Q5-1021,RIA1,Q5-1161,RIA1,Q5-1275,RIA1,,,,,,,,,,,,,3,TRUE,FALSE,FALSE,RIA1,,,GIFT-derived,GIFT-derived,Tinh Son La,2_NMMA,,1.00E+05,FALSE,FALSE,21.31915835,103.891447
13,15,4/24/2023 20:55,4/24/2023 8:47,4/24/2023 20:55,24-Apr-23,3.58E+14,5,Yên Bình,Đại Đồng,2730,Trưởng trại,option_1,,07:50:08,1,1,1,Đường Nghiệp,option_4,,99,,,26,Vĩnh tường,Đại đồng,option_2,,,,option_2,14,option_3,option_2,0,1300,5,,,,,,,,,,,,,,,,,,,,,,,,,,,,,,,,,,,,,,,,,,,option_2,,option_2,,,,,,,,,,07:55:28,1,1,Đường Nghiệp,1,41.2,6.4,7,1 cơ sở,3,,Q1-138,,Q1-262,,Q1-425,,,,,,,,,,,,,,,,,,,,,,,,,,,,,,,,,3,09:44:40,5,109,https://vhlss23test.surveycto.com/view/submission-attachment/1682304391072.jpg?uuid=uuid%3A9e601e1c-971d-4192-a0fd-6498871d02dc,Không,vPLgT4JJBcbPzUGUssuxcS,uuid:9e601e1c-971d-4192-a0fd-6498871d02dc,2304211647,uuid:9e601e1c-971d-4192-a0fd-6498871d02dc,49,Q1-138,RIA1,,,Q1-425,RIA1,,,,,,,,,,,,,2,TRUE,FALSE,FALSE,RIA1,,,GIFT-derived,GIFT-derived,Tinh Yen Bai,2_NMMA,,140000,FALSE,FALSE,21.73623953,104.9412699
14,17,10/08/2023 18:21,10/08/2023 18:08,10/08/2023 18:21,08-Oct-23,3.58E+14,1,148,4819,2101,Cán bộ phụ thủy sản,option_1,,18:10:16,1,1,1,Đơn tính,option_4,,Trại cá nguyễn văn khương,option_1,972763456,36,,,option_1,option_1,option_2,,option_1,50,option_3,option_1,60,1200,3,,,,,,,,,,,,,,,,,,,,,,,,,,,,,,,,,,,,,,,,,,,option_2,,option_1,option_1 option_2 option_3 option_4 option_5 option_6,1,1,1,1,1,1,0,,18:14:30,1,1,Đơn tính,4,-1,7.2,8,3 cơ sở ngẫu nhiên (1:1:1,3,Q5-1479,,Q5-1206,,Q5-1075,,,,,,,,,,,,,,,,,,,,,,,,,,,,,,,,,,3,18:20:38,4,6,https://vhlss23test.surveycto.com/view/submission-attachment/1696764044375.jpg?uuid=uuid%3A2492075d-df92-4bae-a9c8-88f6b63b7fa0,Không,vPLgT4JJBcbPzUGUssuxcS,uuid:2492075d-df92-4bae-a9c8-88f6b63b7fa0,2306161529,uuid:2492075d-df92-4bae-a9c8-88f6b63b7fa0,20,Q5-1479,RIA1,Q5-1206,RIA1,Q5-1075,RIA1,,,,,,,,,,,,,3,TRUE,FALSE,FALSE,RIA1,,,GIFT-derived,GIFT-derived,Tinh Hoa Binh,2_NMMA,,5.00E+05,TRUE,FALSE,20.78116626,105.3197655
15,17,10/11/2023 09:21,10/07/2023 08:45,10/11/2023 09:20,07-Oct-23,3.58E+14,1,157,5335,71001,Chủ trại cá,option_4,,04:47:40,2,2,1,Đơn tính,option_4,,Trại giống cá,option_2,,31,,,option_1,option_2,option_2,,option_1,4,option_3,option_1,2,1500,4,2,Rô lai,option_6,Tự sản xuất,Trại cá giống lâm hóa,option_1,342504172,17,157,5335,option_2,,,,option_2,4000,option_4,option_1,35,1500,5,,,,,,,,,,,,,,,,,,,,,,option_1,1 - Rô lai,option_2,,,,,,,,,,05:56:21,2,1,Đơn tính,2,13,10.2,0,2 cơ sở (2:1),3,,,,,,,2,Rô lai,2,20.4362949,105.480005,35,8.7,10,2 cơ sở (2:1),3,Q5-1183,,Q5-1123,,Q5-1100,,,,,,,,,,,,,,,,,,6,05:15:44,68,-40,https://vhlss23test.surveycto.com/view/submission-attachment/1696644950258.jpg?uuid=uuid%3A32c076f0-ef76-4bdd-b006-ad225010aac0,"12 tháng qua có 2 dòng cá rô phi, hiện nay chỉ có 1 dòng rô lai do trại tự lai tạo
Trại không chia sẻ thông tin về nguồn giống nhập ở đâu chỉ chia sẻ là ở Hải Phòng",vPLgT4JJBcbPzUGUssuxcS,uuid:32c076f0-ef76-4bdd-b006-ad225010aac0,2306161529,uuid:32c076f0-ef76-4bdd-b006-ad225010aac0,5,,,,,,,Q5-1183,RIA1,Q5-1123,RIA1,Q5-1100,RIA1,,,,,,,3,FALSE,TRUE,FALSE,,RIA1,,GIFT-derived,GIFT-derived,Tinh Hoa Binh,2_NMMA,,40000,TRUE,FALSE,20.43633949,105.486876
16,17,10/09/2023 07:00,10/08/2023 16:39,10/09/2023 06:59,08-Oct-23,3.58E+14,1,148,4807,81001,Chủ hộ kinh doanh,option_4,,16:41:31,2,2,1,Bảo lộc,option_4,,Trại cá hưng yên,option_2,,33,,,option_1,option_2,option_2,,option_99,5,option_3,option_2,0,1500,5,2,Rô thái,option_4,,Trại cá hưng yên,option_2,,33,,,option_1,option_2,option_2,,option_99,1,option_3,option_2,,1500,5,,,,,,,,,,,,,,,,,,,,,,option_2,,option_2,,,,,,,,,,16:47:26,2,1,Bảo lộc,0,-5.8,7.5,,3 cơ sở ngẫu nhiên (1:1:1,3,,,,,,,2,Rô thái,2,20.8111833,105.3413775,-5.8,9,5,2 cơ sở (2:1),3,Q5-1495,,Q5-1200,,Q5-1216,,,,,,,,,,,,,,,,,,6,16:55:37,5,8,https://vhlss23test.surveycto.com/view/submission-attachment/1696758925150.jpg?uuid=uuid%3A4bc67cb4-7b99-4897-8aab-b5d45a314133,"Cơ sở 12 tháng qua có 2 loại rô phi, hiện nay chỉ còn 1 loại rô thái.
Về thông tin nhập cá ở đâu cơ sở không chia sẻ thông tin chỉ bảo ở Hưng Yên.",vPLgT4JJBcbPzUGUssuxcS,uuid:4bc67cb4-7b99-4897-8aab-b5d45a314133,2306161529,uuid:4bc67cb4-7b99-4897-8aab-b5d45a314133,6,,,,,,,Q5-1495,RIA1,Q5-1200,RIA1,Q5-1216,RIA1,,,,,,,3,FALSE,TRUE,FALSE,,RIA1,,GIFT-derived,GIFT-derived,Tinh Hoa Binh,2_NMMA,,50000,FALSE,FALSE,20.81998123,105.3171486
17,19,6/27/2023 22:31,6/27/2023 14:46,6/27/2023 22:16,27-Jun-23,668fa2006a285b94,1,168,5650,0,Giám đốc,option_4,,13:50:02,1,1,1,Rô thái,option_4,,Hiệp toan,option_1,985033599,24,223,7819,option_1,option_3,option_2,,option_99,100,option_3,option_1,100,1000,3,,,,,,,,,,,,,,,,,,,,,,,,,,,,,,,,,,,,,,,,,,,option_2,,option_1,option_2,0,1,0,0,0,0,0,,13:56:52,1,1,Rô thái,2,14.1,4.9,3,2 cơ sở (2:1),3,,Q31246,,Q31419,,Q2701,,,,,,,,,,,,,,,,,,,,,,,,,,,,,,,,,3,14:22:05,6,25,https://vhlss23test.surveycto.com/view/submission-attachment/1687854140839.jpg?uuid=uuid%3Aa7d090d7-a83c-4fce-acaa-2d5d80efcefa,Trang trại bán nhiều cho các hộ,vPLgT4JJBcbPzUGUssuxcS,uuid:a7d090d7-a83c-4fce-acaa-2d5d80efcefa,2306161529,uuid:a7d090d7-a83c-4fce-acaa-2d5d80efcefa,81,Q3-1246,RIA1,Q3-1419,RIA1,Q2-701,RIA1,,,,,,,,,,,,,3,TRUE,FALSE,FALSE,RIA1,,,GIFT-derived,GIFT-derived,Tinh Thai Nguyen,2_NMMA,,1.00E+06,FALSE,FALSE,21.68826928,105.7744092
18,19,6/29/2023 17:24,6/29/2023 15:57,6/29/2023 16:57,29-Jun-23,E4881F81-7CE5-4A9C-BD11-E9E9E0116051,3,164,5491,2027,Trưởng bộ phận khoa học công nghệ,option_5,Trung tâm nghiên cứu,15:00:00,2,2,1,Bảo lộc,option_6,Lấy tại hộ nuôi thương lái,Nguyễn xuân khái ( thương lái),option_1,977570754,27,261,9394,option_1,option_1,option_2,,option_2,5,option_3,option_2,0,1000,4,2,Đường nghiệp,option_6,"Hộ dân , thương lái",Nguyễn xuân khái ( thương lái),option_1,977570754,27,261,9394,option_1,option_1,option_2,,option_2,4,option_3,option_2,,1000,4,,,,,,,,,,,,,,,,,,,,,,option_2,,option_2,,,,,,,,,,15:10:00,2,1,Bảo lộc,1,31.7,8,4,1 cơ sở,3,Q2-965,,Q2-555,,Q3-1002,,2,Đường nghiệp,1,21.59377297,105.8023292,32.8,16,3,1 cơ sở,3,Q2-742,,Q2-827,,Q2-799,,,,,,,,,,,,,,,,,,6,16:51:00,9,101,https://vhlss23test.surveycto.com/view/submission-attachment/1688032562414.jpg?uuid=uuid%3A3d8057a0-8bf7-41f5-a54a-03a3c078c299,"Lưu ý là trung tâm nghiên cứu nên chỉ có cá giống nên mẫu cá nhỏ phải dùng kéo lấy mẫu ( sẽ không được chính xác như dùng kìm bấm ) , mà trung mua cá của thương lái bên ngoài đã có thông tin tên và số điện thoại",vPLgT4JJBcbPzUGUssuxcS,uuid:3d8057a0-8bf7-41f5-a54a-03a3c078c299,2306161529,uuid:3d8057a0-8bf7-41f5-a54a-03a3c078c299,64,Q2-965,RIA1,Q2-555,RIA1,Q3-1002,RIA1,Q2-742,RIA1,Q2-827,RIA1,Q2-799,RIA1,,,,,,,6,TRUE,TRUE,FALSE,RIA1,RIA1,,GIFT-derived,GIFT-derived,Tinh Thai Nguyen,2_NMMA,,50000,FALSE,FALSE,21.56040252,105.7841815
19,19,6/27/2023 22:31,6/27/2023 15:38,6/27/2023 22:22,27-Jun-23,668fa2006a285b94,1,168,5650,270602,Chủ hộ,option_5,Kinh doanh cá thể,15:41:43,1,1,1,Đường nghiệp,option_4,,A đang,option_2,,27,,,option_1,option_3,option_2,,option_99,30,option_3,option_1,99,1200,5,,,,,,,,,,,,,,,,,,,,,,,,,,,,,,,,,,,,,,,,,,,option_2,,option_99,,,,,,,,,,15:46:37,1,1,Đường nghiệp,1,21.7,4.7,5,1 cơ sở,3,,Q31149,,Q2663,,Q31155,,,,,,,,,,,,,,,,,,,,,,,,,,,,,,,,,3,16:04:31,4,17,https://vhlss23test.surveycto.com/view/submission-attachment/1687856713202.jpg?uuid=uuid%3A175e4aaa-7fb6-4cc5-be41-3472fa3e857e,Hộ kd như a hiệp khoảng 12 nhà xung quanh như một khu buôn bán cho các hộ ở huyện và các đại lý bán dong,vPLgT4JJBcbPzUGUssuxcS,uuid:175e4aaa-7fb6-4cc5-be41-3472fa3e857e,2306161529,uuid:175e4aaa-7fb6-4cc5-be41-3472fa3e857e,11,Q3-1149,RIA1,Q2-663,RIA1,Q3-1155,RIA1,,,,,,,,,,,,,3,TRUE,FALSE,FALSE,RIA1,,,GIFT-derived,GIFT-derived,Tinh Thai Nguyen,2_NMMA,,3.00E+05,FALSE,FALSE,21.65839115,105.8015795
20,19,6/29/2023 12:55,6/29/2023 12:13,6/29/2023 12:47,29-Jun-23,E4881F81-7CE5-4A9C-BD11-E9E9E0116051,3,167,5596,1953,Phó giám đốc hợp tác xã,option_3,,12:16:00,1,1,1,Na uy,option_4,,Trại cá giống Đức chí,option_1,399928888,30,298,11086,option_1,option_1,option_2,,option_2,1,option_3,option_2,0,60000,25,,,,,,,,,,,,,,,,,,,,,,,,,,,,,,,,,,,,,,,,,,,option_2,,option_2,,,,,,,,,,12:23:00,1,1,Na uy,1,127.9,16,20,1 cơ sở,3,Q3-1023,,,Q2-636,Q2-610,,,,,,,,,,,,,,,,,,,,,,,,,,,,,,,,,,3,12:45:00,6,22,https://vhlss23test.surveycto.com/view/submission-attachment/1688017588347.jpg?uuid=uuid%3A9dcb0f5f-343a-4688-8b5a-41c1f68717ab,Trại cá của hợp tác xã lấy cá giống ở trại cá giống đức chí hải dương ( đã khảo sát đợt đầu ),vPLgT4JJBcbPzUGUssuxcS,uuid:9dcb0f5f-343a-4688-8b5a-41c1f68717ab,2306161529,uuid:9dcb0f5f-343a-4688-8b5a-41c1f68717ab,18,Q3-1023,RIA1,Q2-636,RIA1,Q2-610,RIA1,,,,,,,,,,,,,3,TRUE,FALSE,FALSE,RIA1,,,GIFT-derived,GIFT-derived,Tinh Thai Nguyen,2_NMMA,,10000,FALSE,FALSE,21.80346373,105.6755725
21,19,6/30/2023 13:11,6/30/2023 12:08,6/30/2023 13:01,30-Jun-23,E4881F81-7CE5-4A9C-BD11-E9E9E0116051,3,173,5908,2927,Đội trưởng đội sản xuất hoà sơn,option_5,Trung tâm giống vật nuôi cây trồng và thuỷ sản thái nguyên,12:13:00,1,1,1,Bảo lộc,option_6,Mua của thương lái Thuận ( không nhớ rõ họ tên đầy đủ ),Trại cá thương lái Thuận ở móng cái quảng ninh,option_1,982535904,22,194,,option_1,option_1,option_2,,option_2,40,option_3,option_2,0,1200,3,,,,,,,,,,,,,,,,,,,,,,,,,,,,,,,,,,,,,,,,,,,option_2,,option_2,,,,,,,,,,12:24:00,1,1,Bảo lộc,1,19.1,8,4,1 cơ sở,3,Q1-413,,Q2-823,,Q2-855,,,,,,,,,,,,,,,,,,,,,,,,,,,,,,,,,,3,13:00:00,10,36,https://vhlss23test.surveycto.com/view/submission-attachment/1688104860201.jpg?uuid=uuid%3Ab52e602f-cc78-423e-969c-a26f5d7bd8a3,"Do là trại cá giống nên cá lấy mẫu rất nhỏ phải dùng kéo cắt nên mẫu xét nghiệm về kích cỡ có thể hơi to chưa chuẩn như dùng kìm bấm , anh chị lưu ý giúp",vPLgT4JJBcbPzUGUssuxcS,uuid:b52e602f-cc78-423e-969c-a26f5d7bd8a3,2306161529,uuid:b52e602f-cc78-423e-969c-a26f5d7bd8a3,80,Q1-413,RIA1,,,Q2-855,RIA1,,,,,,,,,,,,,2,TRUE,FALSE,FALSE,RIA1,,,GIFT-derived,GIFT-derived,Tinh Thai Nguyen,2_NMMA,,4.00E+05,FALSE,FALSE,21.42936432,106.0227982
22,19,6/30/2023 18:36,6/30/2023 16:31,6/30/2023 16:57,30-Jun-23,E4881F81-7CE5-4A9C-BD11-E9E9E0116051,3,171,5809,2861,Tổ trưởng tổ sản xuất,option_1,,16:44:00,1,1,1,Đường nghiệp,option_6,Lấy của thương lái,Do trại không muốn tiết lộ nơi lấy giống nên phần lấy giống không thể điền được,option_2,,1003,,,option_1,option_1,option_2,,option_2,60,option_3,option_2,0,800,3,,,,,,,,,,,,,,,,,,,,,,,,,,,,,,,,,,,,,,,,,,,option_2,,option_2,,,,,,,,,,16:52:00,1,1,Đường nghiệp,1,43.2,16,4,1 cơ sở,3,Q3-1459,,Q2-789,,Q2-753,,,,,,,,,,,,,,,,,,,,,,,,,,,,,,,,,,3,16:56:00,8,3,https://vhlss23test.surveycto.com/view/submission-attachment/1688119006612.jpg?uuid=uuid%3Af50020f5-fdd7-4e0e-a0f6-25c7ef7097b0,Trại cá giống không muốn nói nơi nhập giống cá về trại nên phần thông tin nguồn gốc nhập không có dữ liệu anh chị lưu ý giúp em,vPLgT4JJBcbPzUGUssuxcS,uuid:f50020f5-fdd7-4e0e-a0f6-25c7ef7097b0,2306161529,uuid:f50020f5-fdd7-4e0e-a0f6-25c7ef7097b0,65,Q3-1459,RIA1,,,Q2-753,RIA1,,,,,,,,,,,,,2,TRUE,FALSE,FALSE,RIA1,,,GIFT-derived,GIFT-derived,Tinh Thai Nguyen,2_NMMA,,6.00E+05,FALSE,FALSE,21.61244934,105.7159265
23,20,5/15/2023 16:28,5/15/2023 16:13,5/15/2023 16:28,15-May-23,(web),1,Bắc Sơn,Thị trấn Bắc Sơn,40502,Chủ Trại,option_4,,11:45:21,1,1,1,Bảo Lộc,option_4,,Ông Thuyên,option_1,986364853,27,Lương Tài,99,option_1,option_1,option_2,,option_99,3,option_2,option_1,95,1500,4,,,,,,,,,,,,,,,,,,,,,,,,,,,,,,,,,,,,,,,,,,,option_2,,option_2,,,,,,,,,,11:55:33,1,1,Bảo Lộc,6,0,2154.8,5,3 cơ sở ngẫu nhiên (1:1:1,3,Q1-557,,Q1-698,,Q1-777,,,,,,,,,,,,,,,,,,,,,,,,,,,,,,,,,,3,12:15:36,10,20,https://vhlss23test.surveycto.com/view/submission-attachment/LS_TC_Q1_040502-1684142875264.jpg?uuid=uuid%3Ad5d60fd8-2d36-4f99-b99d-dd20459d92ec,Trại giống đang chuyển sang dịch vụ bể bơi và câu cá,vPLgT4JJBcbPzUGUssuxcS,uuid:d5d60fd8-2d36-4f99-b99d-dd20459d92ec,2304241104,uuid:d5d60fd8-2d36-4f99-b99d-dd20459d92ec,16,Q1-557,RIA1,Q1-698,RIA1,Q1-777,RIA1,,,,,,,,,,,,,3,TRUE,FALSE,FALSE,RIA1,,,GIFT-derived,GIFT-derived,Tinh Lang Son,2_NMMA,,3000,FALSE,FALSE,21.02115747,105.8365295
24,20,5/15/2023 16:37,5/15/2023 16:28,5/15/2023 16:37,15-May-23,(web),1,Bắc Sơn,Thị trấn Bắc Sơn,40501,Giám đốc,option_3,,10:50:21,1,1,1,Bảo Lộc,option_3,,99,option_1,973714486,25,99,99,option_1,option_1,option_2,,option_2,5,option_3,option_1,40,1800,5,,,,,,,,,,,,,,,,,,,,,,,,,,,,,,,,,,,,,,,,,,,option_2,,option_1,option_1 option_2 option_3,1,1,1,0,0,0,0,,11:05:46,1,1,Bảo Lộc,18,0,2154.8,26,3 cơ sở ngẫu nhiên (1:1:1,3,Q1-586,,Q1-793,,Q1-518,,,,,,,,,,,,,,,,,,,,,,,,,,,,,,,,,,3,11:10:15,15,4,https://vhlss23test.surveycto.com/view/submission-attachment/LS_TC_Q1_040501-1684143414903.jpg?uuid=uuid%3A32799c11-bb88-4e31-baf2-f97de0703a37,,vPLgT4JJBcbPzUGUssuxcS,uuid:32799c11-bb88-4e31-baf2-f97de0703a37,2304241104,uuid:32799c11-bb88-4e31-baf2-f97de0703a37,2,,,Q1-793,RIA1,Q1-518,RIA1,,,,,,,,,,,,,2,TRUE,FALSE,FALSE,None,,,GIFT-derived,Other,Tinh Lang Son,2_NMMA,,50000,FALSE,FALSE,21.05742157,105.7952926
25,22,10/17/2023 21:36,10/17/2023 16:27,10/17/2023 21:36,17-Oct-23,3.58E+14,1,206,7135,171001,Nhân viên,option_4,,16:29:36,1,1,1,Đơn tính,option_5,,99,option_2,,,,,option_1,option_1,option_1,option_3,option_2,50,option_3,option_1,50,1000,4,,,,,,,,,,,,,,,,,,,,,,,,,,,,,,,,,,,,,,,,,,,option_2,,option_2,,,,,,,,,,16:30:51,1,1,Đơn tính,2,-13.6,6.8,5,2 cơ sở (2:1),3,Q5-1115,,Q5-1203,,Q5-1048,,,,,,,,,,,,,,,,,,,,,,,,,,,,,,,,,,3,16:32:18,1,1,https://vhlss23test.surveycto.com/view/submission-attachment/1697535182327.jpg?uuid=uuid%3Aa289c551-552f-40cd-a15b-fca50b82bc63,Nhập giống bên Trung Quốc,vPLgT4JJBcbPzUGUssuxcS,uuid:a289c551-552f-40cd-a15b-fca50b82bc63,2306161529,uuid:a289c551-552f-40cd-a15b-fca50b82bc63,8,Q5-1115,RIA1,Q5-1203,RIA1,Q5-1048,RIA1,,,,,,,,,,,,,3,TRUE,FALSE,FALSE,RIA1,,,GIFT-derived,GIFT-derived,Tinh Quang Ninh,2_NMMA,,5.00E+05,FALSE,FALSE,20.97627541,106.8250818
26,22,10/16/2023 15:57,10/16/2023 15:29,10/16/2023 15:56,16-Oct-23,3.58E+14,1,205,7108,161002,Nhân viên,option_4,,15:33:26,1,1,1,Đường nghiệp,option_5,,Cơ sở Đông Thái,option_2,,,,,option_1,option_2,option_1,option_3,option_2,4.00E+06,option_1,option_1,80,500,5,,,,,,,,,,,,,,,,,,,,,,,,,,,,,,,,,,,,,,,,,,,option_1,1- Đường Nghiệp,option_2,,,,,,,,,,15:36:58,1,1,Đường nghiệp,6,-18.5,7.4,8,3 cơ sở ngẫu nhiên (1:1:1,3,Q5-1004,,Q5-1102,,Q5-1376,,,,,,,,,,,,,,,,,,,,,,,,,,,,,,,,,,3,15:56:15,3,19,https://vhlss23test.surveycto.com/view/submission-attachment/1697446582225.jpg?uuid=uuid%3A48dd7ee0-0999-4bae-b928-4ab843dbec59,Cơ sở nhập cá bên Trung Quốc và chủ cũng là người Trung Quốc,vPLgT4JJBcbPzUGUssuxcS,uuid:48dd7ee0-0999-4bae-b928-4ab843dbec59,2306161529,uuid:48dd7ee0-0999-4bae-b928-4ab843dbec59,7,Q5-1004,RIA1,Q5-1102,RIA1,Q5-1376,RIA1,,,,,,,,,,,,,3,TRUE,FALSE,FALSE,RIA1,,,GIFT-derived,GIFT-derived,Tinh Quang Ninh,2_NMMA,,4.00E+06,FALSE,FALSE,21.06786735,106.7054865
27,22,10/16/2023 14:30,10/16/2023 14:19,10/16/2023 14:30,16-Oct-23,3.58E+14,1,205,7123,161001,Chủ cơ sở,option_4,,14:20:52,1,1,1,Đường nghiệp,option_4,,Cá giống Đông Mai,option_2,,22,206,7135,option_1,option_2,option_1,option_3,option_2,10,option_3,option_2,0,900,5,,,,,,,,,,,,,,,,,,,,,,,,,,,,,,,,,,,,,,,,,,,option_2,,option_2,,,,,,,,,,14:23:38,1,1,Đường nghiệp,2,-7,11,10,2 cơ sở (2:1),3,Q5-1341,,Q5-1065,,Q5-1116,,,,,,,,,,,,,,,,,,,,,,,,,,,,,,,,,,3,14:26:24,2,2,https://vhlss23test.surveycto.com/view/submission-attachment/1697441190858.jpg?uuid=uuid%3A9256a59c-a1e4-4167-8623-9e59b9be5494,,vPLgT4JJBcbPzUGUssuxcS,uuid:9256a59c-a1e4-4167-8623-9e59b9be5494,2306161529,uuid:9256a59c-a1e4-4167-8623-9e59b9be5494,83,Q5-1341,RIA1,Q5-1065,RIA1,Q5-1116,RIA1,,,,,,,,,,,,,3,TRUE,FALSE,FALSE,RIA1,,,GIFT-derived,GIFT-derived,Tinh Quang Ninh,2_NMMA,,1.00E+05,FALSE,TRUE,21.06970802,106.5153218
28,24,10/03/2023 17:10,10/03/2023 13:16,10/03/2023 17:05,03-Oct-23,0AED3878-A257-4CDA-8785-9CC74942B7FD,4,223,7828,31001,Chủ trại,option_4,,12:17:00,2,2,1,Bảo Lộc,option_4,,Ông Linh,option_1,378600243,30,,,option_1,option_1,option_1,option_3,option_2,25,option_3,option_1,25,1000,2,2,Thái Lan,option_4,,Ông Trí,option_2,,30,,,option_1,option_1,option_1,option_3,option_2,16,option_3,option_1,30,1000,2,,,,,,,,,,,,,,,,,,,,,,option_2,,option_2,,,,,,,,,,12:27:00,2,1,Bảo Lộc,0,15.7,5,,3 cơ sở ngẫu nhiên (1:1:1,3,,,,,,,2,Thái Lan,2,21.40313298,105.9910834,16.2,8.1,3,2 cơ sở (2:1),3,Q5-1337,,Q5-1231,,Q5-1210,,,,,,,,,,,,,,,,,,6,12:27:00,9,0,https://vhlss23test.surveycto.com/view/submission-attachment/1696317923789.jpg?uuid=uuid%3A109500c9-cc8a-4121-85b7-e3b2f4cf04b9,"Dòng cá Bảo Lộc không còn, trại chỉ còn dòng Thái Lan",vPLgT4JJBcbPzUGUssuxcS,uuid:109500c9-cc8a-4121-85b7-e3b2f4cf04b9,2306161529,uuid:109500c9-cc8a-4121-85b7-e3b2f4cf04b9,4,,,,,,,Q5-1337,RIA1,Q5-1231,RIA1,Q5-1210,RIA1,,,,,,,3,FALSE,TRUE,FALSE,,RIA1,,GIFT-derived,GIFT-derived,Tinh Bac Giang,2_NMMA,1,250000,FALSE,FALSE,21.36493106,105.9919148
29,24,10/03/2023 17:10,10/03/2023 09:12,10/03/2023 17:10,03-Oct-23,0AED3878-A257-4CDA-8785-9CC74942B7FD,4,217,7375,2654,Giám đốc,option_1,,05:15:00,1,1,1,Đài Loan,option_5,,Đài Loan,option_2,,,,,option_1,option_1,option_1,option_3,option_1,2.5,option_3,option_1,40,500,5,,,,,,,,,,,,,,,,,,,,,,,,,,,,,,,,,,,,,,,,,,,option_1,Đài Loan,option_2,,,,,,,,,,05:25:00,1,1,Đài Loan,9,9.8,4.8,5,3 cơ sở ngẫu nhiên (1:1:1,3,Q5-1381,,Q5-1287,,Q5-1057,,,,,,,,,,,,,,,,,,,,,,,,,,,,,,,,,,3,05:57:00,9,32,https://vhlss23test.surveycto.com/view/submission-attachment/1696301879937.jpg?uuid=uuid%3A8e41f264-2974-4bbb-a4e6-269f9b21802e,"Giống cá được người Đài Loan cho cách đây 5 năm, và trung tâm nuôi giữ cá bố mẹ để nhân giống và tự xửa lý đơn tính",vPLgT4JJBcbPzUGUssuxcS,uuid:8e41f264-2974-4bbb-a4e6-269f9b21802e,2306161529,uuid:8e41f264-2974-4bbb-a4e6-269f9b21802e,35,Q5-1381,RIA1,Q5-1287,RIA1,Q5-1057,RIA1,,,,,,,,,,,,,3,TRUE,FALSE,FALSE,RIA1,,,GIFT-derived,GIFT-derived,Tinh Bac Giang,2_NMMA,1,25000,TRUE,FALSE,21.34270375,106.2568006
30,25,4/28/2023 23:45,4/28/2023 9:51,4/28/2023 23:41,28-Apr-23,3.58E+14,5,Cẩm Khê,Phú Khê,2452,Chủ trại,option_4,,07:56:22,1,1,1,Bảo Lộc,option_4,,Công ty TNHH Đức Trí,option_1,912364716,30,Tứ Kỳ,Thị Trấn Hưng Đạo,option_1,option_1,option_2,,option_2,20,option_3,option_1,30,1500,5,,,,,,,,,,,,,,,,,,,,,,,,,,,,,,,,,,,,,,,,,,,option_2,,option_2,,,,,,,,,,08:04:15,1,1,Bảo Lộc,2,-6,15,20,2 cơ sở (2:1),3,,Q1-371,,Q1-503,,Q1-773,,,,,,,,,,,,,,,,,,,,,,,,,,,,,,,,,3,10:50:06,7,165,https://vhlss23test.surveycto.com/view/submission-attachment/1682699843661.jpg?uuid=uuid%3A6e43ca3d-7f0d-4ed2-ad55-3be57f10f2ce,"Cách đây 10 năm thì trại có có dòng siêu tốc, nhưng sau đó được thay thế bằng dòng Bảo Lộc xuất xứ bên Trung Quốc với nhiều ưu thế hơn, nuôi càng lâu càng to nên trại chọn loại này để ươm và bán.",vPLgT4JJBcbPzUGUssuxcS,uuid:6e43ca3d-7f0d-4ed2-ad55-3be57f10f2ce,2304241104,uuid:6e43ca3d-7f0d-4ed2-ad55-3be57f10f2ce,59,Q1-371,RIA1,Q1-503,RIA1,Q1-773,RIA1,,,,,,,,,,,,,3,TRUE,FALSE,FALSE,RIA1,,,GIFT-derived,GIFT-derived,Tinh Phu Tho,2_NMMA,1,2.00E+05,FALSE,FALSE,21.41449325,105.112402
31,25,6/28/2023 9:53,6/28/2023 8:59,6/28/2023 9:53,28-Jun-23,E4881F81-7CE5-4A9C-BD11-E9E9E0116051,3,231,8128,280601,Giám đốc trại,option_3,,09:05:00,1,1,1,Bảo lộc,option_4,,Hợp tác xã thuỷ sản hiệu linh,option_1,978354342,25,235,8353,option_1,option_1,option_2,,option_2,5,option_3,option_1,100,1.3,3,,,,,,,,,,,,,,,,,,,,,,,,,,,,,,,,,,,,,,,,,,,option_2,,option_2,,,,,,,,,,09:22:00,1,1,Bảo lộc,1,23.6,16,5,1 cơ sở,3,Q2-853,,Q2-982,,Q3-1462,,,,,,,,,,,,,,,,,,,,,,,,,,,,,,,,,,3,09:51:00,16,29,https://vhlss23test.surveycto.com/view/submission-attachment/1687920710707.jpg?uuid=uuid%3Abc8483a6-e227-4790-bd1c-d08bd07de2c2,Do trại cá vừa mới xuất bán cá to đi nên trong trại chỉ còn lại cá nhỏ đã bấm lấy mẫu và cắt lấy mẫu,vPLgT4JJBcbPzUGUssuxcS,uuid:bc8483a6-e227-4790-bd1c-d08bd07de2c2,2306161529,uuid:bc8483a6-e227-4790-bd1c-d08bd07de2c2,86,Q2-853,RIA1,Q2-982,03_BEST,Q3-1462,RIA1,,,,,,,,,,,,,3,FALSE,FALSE,FALSE,None,,,GIFT-derived,Other,Tinh Phu Tho,2_NMMA,1,50000,FALSE,TRUE,21.53380294,105.0799435
32,25,4/28/2023 23:45,4/28/2023 11:20,4/28/2023 23:35,28-Apr-23,3.58E+14,5,Cẩm Khê,Tuy Lộc,280401,Chủ trại,option_4,,09:23:13,3,3,1,Bảo Lộc,option_4,,Trại cá Đạo Sức,option_1,918742313,34,Hưng Hà,Duyên Hải,option_1,option_2,option_1,option_3,option_2,40,option_3,option_1,50,900,4,2,Đường Nghiệp,option_4,,Trại cá anh Đang,option_1,985553242,27,99,99,option_1,option_2,option_1,option_3,option_2,40,option_3,option_1,50,800,4,3,Rô Thái,option_4,,Trại cá anh Hải,option_1,348280688,30,Gia Lộc,99,option_1,option_2,option_1,option_3,option_2,20,option_3,option_1,50,800,4,option_2,,option_2,,,,,,,,,,10:40:03,3,1,Bảo Lộc,3,1.2,5.6,7,3 cơ sờ (1:1:1),3,,Q1-663,,Q1-735,,Q1-744,2,Đường Nghiệp,3,21.4808263,105.0646141,3.4,8.7,5,3 cơ sờ (1:1:1),3,,Q1-662,,Q1-685,,Q1-767,3,Rô Thái,0,21.481872,105.064538,4.6,9.7,,3 cơ sở ngẫu nhiên (1:1:1,3,,,,,,,9,10:41:47,76,1,https://vhlss23test.surveycto.com/view/submission-attachment/1682659979587.jpg?uuid=uuid%3A886f4541-bd54-4b68-9ea4-8dee5b609b75,"Chỉ lấy được 2 dòng cá rô phi gồm Bảo Lộc và Đường Nghiệp. Còn dòng rô Thái hiện tại trại chưa ươm lại, phải 1 tháng nữa mới ươm.",vPLgT4JJBcbPzUGUssuxcS,uuid:886f4541-bd54-4b68-9ea4-8dee5b609b75,2304241104,uuid:886f4541-bd54-4b68-9ea4-8dee5b609b75,58,Q1-663,RIA1,Q1-735,RIA1,Q1-744,RIA1,Q1-662,RIA1,Q1-685,RIA1,Q1-767,RIA1,,,,,,,6,TRUE,TRUE,FALSE,RIA1,RIA1,,GIFT-derived,GIFT-derived,Tinh Phu Tho,2_NMMA,1,4.00E+05,FALSE,FALSE,21.503848,105.0400895
33,27,10/05/2023 17:41,10/05/2023 11:06,10/05/2023 17:19,05-Oct-23,0AED3878-A257-4CDA-8785-9CC74942B7FD,4,256,9286,2018,Phó giám đốc kỹ thuật,option_4,,10:07:00,1,1,1,Cá rô phi đơn tính,option_1,,Viện thuỷ sản Bắc Ninh,option_1,222650049,27,261,9394,option_1,option_4,option_1,option_3,option_99,40,option_3,option_1,100,200,1,,,,,,,,,,,,,,,,,,,,,,,,,,,,,,,,,,,,,,,,,,,option_1,Cá rô phi đơn tính,option_1,option_2 option_6 option_7,0,1,0,0,0,1,1,Hỗ trợ về giấy tờ pháp lý,10:16:00,1,1,Cá rô phi đơn tính,1,7.3,9.8,3,1 cơ sở,3,Q5-1103,,Q5-1290,,Q5-1380,,,,,,,,,,,,,,,,,,,,,,,,,,,,,,,,,,3,10:37:00,8,21,https://vhlss23test.surveycto.com/view/submission-attachment/1696480674380.jpg?uuid=uuid%3A6a437acf-032b-47c9-92de-d07bdad7ac09,,vPLgT4JJBcbPzUGUssuxcS,uuid:6a437acf-032b-47c9-92de-d07bdad7ac09,2306161529,uuid:6a437acf-032b-47c9-92de-d07bdad7ac09,50,Q5-1103,RIA1,Q5-1290,RIA1,Q5-1380,RIA1,,,,,,,,,,,,,3,TRUE,FALSE,FALSE,RIA1,,,GIFT-derived,GIFT-derived,Tinh Bac Ninh,1_RRD,1,4.00E+05,FALSE,TRUE,21.17828525,106.0978283
34,27,10/05/2023 17:41,10/05/2023 09:34,10/05/2023 17:41,05-Oct-23,0AED3878-A257-4CDA-8785-9CC74942B7FD,4,261,9394,51001,Chủ trại,option_4,,07:35:00,1,1,1,Bảo lộc,option_4,,Chị Hà,option_1,967108259,31,,,option_1,option_1,option_1,option_3,option_2,80,option_3,option_1,30,800,5,,,,,,,,,,,,,,,,,,,,,,,,,,,,,,,,,,,,,,,,,,,option_2,,option_2,,,,,,,,,,07:39:00,1,1,Bảo lộc,1,9.5,13.5,5,1 cơ sở,3,Q5-1470,,Q5-1156,,Q5-1230,,,,,,,,,,,,,,,,,,,,,,,,,,,,,,,,,,3,08:02:00,4,22,https://vhlss23test.surveycto.com/view/submission-attachment/1696474942994.jpg?uuid=uuid%3A22bcfa4b-21ca-40c1-8a54-9c6ec6922168,,vPLgT4JJBcbPzUGUssuxcS,uuid:22bcfa4b-21ca-40c1-8a54-9c6ec6922168,2306161529,uuid:22bcfa4b-21ca-40c1-8a54-9c6ec6922168,9,Q5-1470,RIA1,Q5-1156,RIA1,Q5-1230,RIA1,,,,,,,,,,,,,3,TRUE,FALSE,FALSE,RIA1,,,GIFT-derived,GIFT-derived,Tinh Bac Ninh,1_RRD,1,8.00E+05,FALSE,FALSE,21.07025927,105.9890336
35,30,5/15/2023 16:13,5/15/2023 15:52,5/15/2023 16:13,15-May-23,(web),1,Tứ Kỳ,Hưng Đạo,200401,Giám Đốc,option_4,,08:15:58,2,2,1,Bảo Lộc,option_5,,99,option_2,,,99,99,option_1,option_1,option_2,,option_99,200,option_3,option_1,55,1700,3,2,Na Uy,option_5,,Genomar,option_2,,,99,99,option_1,option_1,option_2,,option_99,180,option_3,option_1,45,1700,4,,,,,,,,,,,,,,,,,,,,,,option_2,,option_2,,,,,,,,,,09:30:50,2,1,Bảo Lộc,8,0,2154.8,10,3 cơ sở ngẫu nhiên (1:1:1,3,Q1-061,,Q1-249,,Q1-126,,2,Na Uy,2,21.035788,105.8151238,0,33.6,10,2 cơ sở (2:1),3,Q1-033,,Q1-475,,Q1-120,,,,,,,,,,,,,,,,,,6,11:30:11,74,119,https://vhlss23test.surveycto.com/view/submission-attachment/HD_TC_1_2004-1684141971931.jpg?uuid=uuid%3A264d6b9f-8d25-48e8-bf35-f53ea5a3ff88,Đang nuôi thử dòng Na Uy,vPLgT4JJBcbPzUGUssuxcS,uuid:264d6b9f-8d25-48e8-bf35-f53ea5a3ff88,2304241104,uuid:264d6b9f-8d25-48e8-bf35-f53ea5a3ff88,25,Q1-061,GENOGain,Q1-249,GENOGain,Q1-126,RIA1,Q1-033,GENOGain,,,Q1-120,RIA1,,,,,,,5,FALSE,FALSE,FALSE,None,None,,GIFT-derived,Other,Tinh Hai Duong,1_RRD,1,2.00E+06,FALSE,FALSE,21.06789879,105.8079441
36,30,4/24/2023 22:18,4/22/2023 12:16,4/22/2023 22:53,22-Apr-23,668fa2006a285b94,1,Gia loc,Hong hung,22042023,Chu ho,option_4,,10:18:16,1,1,1,Thai lan,option_5,,Pc parm,,,,Ko ro,Ko ro,option_1,option_1,option_2,,option_2,20,option_3,option_1,90,1300,3,,,,,,,,,,,,,,,,,,,,,,,,,,,,,,,,,,,,,,,,,,,option_2,,option_1,option_2 option_4 option_5,0,1,0,1,1,0,0,,10:24:23,1,1,Thai lan,5,-20.6,5.8,19,3 cơ sở ngẫu nhiên (1:1:1,3,,Q1-273,,Q1-093,,Q1-426,,,,,,,,,,,,,,,,,,,,,,,,,,,,,,,,,3,10:27:29,6,3,,,vPLgT4JJBcbPzUGUssuxcS,uuid:15e64366-ce9e-475a-8ab9-0afec9dc6e9d,2304211647,uuid:15e64366-ce9e-475a-8ab9-0afec9dc6e9d,28,Q1-273,RIA1,Q1-093,RIA1,Q1-426,RIA1,,,,,,,,,,,,,3,TRUE,FALSE,FALSE,RIA1,,,GIFT-derived,GIFT-derived,Tinh Hai Duong,1_RRD,1,2.00E+05,FALSE,FALSE,20.80161652,106.2850234
37,30,4/24/2023 22:18,4/22/2023 11:14,4/22/2023 18:29,22-Apr-23,668fa2006a285b94,1,Gia Loc,Thong kenh,22042023,Giam doc,option_3,,10:17:54,1,1,1,PC parm thai lan,option_5,,Ko ro,,,,Ko ro,Ko ro,option_1,option_1,option_2,,option_99,140,option_3,option_1,90,1400,4,,,,,,,,,,,,,,,,,,,,,,,,,,,,,,,,,,,,,,,,,,,option_2,,option_2,,,,,,,,,,10:23:09,1,1,PC parm thai lan,9,9.8,5.7,19,3 cơ sở ngẫu nhiên (1:1:1,3,,Q1-018,,Q1-041,,Q1-027,,,,,,,,,,,,,,,,,,,,,,,,,,,,,,,,,3,10:27:24,5,4,,,vPLgT4JJBcbPzUGUssuxcS,uuid:e0b8261b-49ee-45e2-9127-c9f3c8b83d09,2304211647,uuid:e0b8261b-49ee-45e2-9127-c9f3c8b83d09,66,Q1-018,RIA1,Q1-041,RIA1,Q1-027,RIA1,,,,,,,,,,,,,3,TRUE,FALSE,FALSE,RIA1,,,GIFT-derived,GIFT-derived,Tinh Hai Duong,1_RRD,1,1400000,FALSE,FALSE,20.80024483,106.2802671
38,30,4/24/2023 22:18,4/22/2023 9:06,4/22/2023 18:31,22-Apr-23,668fa2006a285b94,1,Thanh mien,Doan ket,22042023,Giam doc,option_3,,07:23:29,3,3,1,Duong nghiep,option_5,,Trung quoc,,,,Ko ro,Ko ro,option_1,option_1,option_2,,option_2,5,option_2,option_1,40,1000,0.5,2,Hong sinh bao loc,option_5,,Trung quoc,,,,Ko ro,Ko ro,option_1,option_1,option_2,,option_2,6,option_2,option_1,40,3000,12,3,Super thai,option_5,,Thai lan,,,,Ko ro,Ko ro,option_1,option_1,option_2,,option_99,2.4,option_2,option_1,40,3000,12,option_2,,option_1,option_1 option_2 option_4 option_5,1,1,0,1,1,0,0,,07:42:35,3,1,Duong nghiep,0,-21.3,198.6,,3 cơ sở ngẫu nhiên (1:1:1,3,,,,,,,2,Hong sinh bao loc,1,20.7673424,106.1830549,-21.3,13.9,8,1 cơ sở,3,,Q1-124,,Q1-014,,Q1-403,3,Super thai,1,20.76804,106.1837517,-22.4,3.9,25,1 cơ sở,3,,Q1-483,,Q1-316,,Q1-136,9,09:28:44,19,106,,Giong duong nghiep co so hien ko nuoi,vPLgT4JJBcbPzUGUssuxcS,uuid:a59e424c-0239-4670-b720-d9503719ed7c,2304211647,uuid:a59e424c-0239-4670-b720-d9503719ed7c,21,,,,,,,Q1-124,RIA1,Q1-014,RIA1,Q1-403,RIA1,Q1-483,RIA1,Q1-316,RIA1,Q1-136,RIA1,6,FALSE,TRUE,TRUE,,RIA1,RIA1,GIFT-derived,GIFT-derived,Tinh Hai Duong,1_RRD,1,5000,FALSE,FALSE,20.80367487,106.1673201
39,31,12/15/2023 15:18,12/15/2023 15:06,12/15/2023 15:18,15-Dec-23,3.58E+14,1,313,11668,151201,Chủ cơ sở,option_4,,15:11:24,1,1,1,Đơn tính,option_5,,Trại cá Trung Quốc,option_2,,,,,option_1,option_2,option_2,,option_2,50,option_3,option_1,50,1000,4,,,,,,,,,,,,,,,,,,,,,,,,,,,,,,,,,,,,,,,,,,,option_2,,option_2,,,,,,,,,,15:12:29,1,1,Đơn tính,2,-19.7,8,4,2 cơ sở (2:1),3,Q5-1408,,Q5-1069,,Q5-1326,,,,,,,,,,,,,,,,,,,,,,,,,,,,,,,,,,3,15:14:37,1,2,https://vhlss23test.surveycto.com/view/submission-attachment/1702628105242.jpg?uuid=uuid%3Ac8b32d8c-23a7-4867-bd04-5223b40f29d9,Cơ sở nhập cá giống từ Trung Quốc,vPLgT4JJBcbPzUGUssuxcS,uuid:c8b32d8c-23a7-4867-bd04-5223b40f29d9,2306161529,uuid:c8b32d8c-23a7-4867-bd04-5223b40f29d9,84,Q5-1408,RIA1,Q5-1069,RIA1,Q5-1326,RIA1,,,,,,,,,,,,,3,TRUE,FALSE,FALSE,RIA1,,,GIFT-derived,GIFT-derived,Thanh pho Hai Phong,1_RRD,1,5.00E+05,FALSE,FALSE,20.7908386,106.6134943
40,33,3/31/2023 16:00,3/30/2023 11:39,3/30/2023 12:08,30-Mar-23,C3CD8978-2DF3-45CC-8CED-A307888A4339,1,,,1,Giám đốc htx,option_2,,11:42:00,1,1,1,Rô Na uy ( genloma),option_3,,Công ty thhh gennomar gennetics viet nam,,,Tây ninh,,,option_1,,option_2,,option_2,6000,,5600,0,3,1.5,,,,,,,,,,,,,,,,,,,,,,,,,,,,,,,,,,,,,,,,,,,option_2,,,,,,,,,,,,11:52:00,1,1,Rô Na uy ( genloma),20,17.3,350.7,option_1,chọn 3 ao ngẫu nhiên và bắt mỗi ao 1 con,3,Q1-254,,Q1-296,,Q1-252,,,,,,,,,,,,,,,,,,,,,,,,,,,,,,,,,,3,12:08:00,9,16,https://vhlss23test.surveycto.com/view/submission-attachment/1680151263425.jpg?uuid=uuid%3A93d43de2-d0f4-47fd-9e94-b1600098d827,,vPLgT4JJBcbPzUGUssuxcS,uuid:93d43de2-d0f4-47fd-9e94-b1600098d827,2303292135,uuid:93d43de2-d0f4-47fd-9e94-b1600098d827,1,Q1-254,GENOGain,Q1-296,GENOGain,Q1-252,RIA1,,,,,,,,,,,,,3,FALSE,FALSE,FALSE,None,,,GIFT-derived,Other,Tinh Hung Yen,1_RRD,1,6000,FALSE,FALSE,20.72188865,106.1198974
41,33,3/31/2023 16:00,3/30/2023 14:04,3/31/2023 14:52,30-Mar-23,C3CD8978-2DF3-45CC-8CED-A307888A4339,1,,,1,Giám đốc HtX,option_2,,12:07:00,1,1,1,Bảo Lộc,option_3,,Công ty Tnhh giong Hai Ha,,,31,,,option_1,,option_2,,option_99,40000,,40000,0,5,1.2,,,,,,,,,,,,,,,,,,,,,,,,,,,,,,,,,,,,,,,,,,,option_2,,,,,,,,,,,,12:13:00,1,1,Bảo Lộc,1,29.1,48,option_4,bắt cá tại 3 điểm khác nhau trong ao,3,Q1-297,,Q1-378,,Q1-370,,,,,,,,,,,,,,,,,,,,,,,,,,,,,,,,,,3,12:52:00,5,38,https://vhlss23test.surveycto.com/view/submission-attachment/1680160005072.jpg?uuid=uuid%3Aa40b7261-8fc3-491f-8823-717118d60efa,,vPLgT4JJBcbPzUGUssuxcS,uuid:a40b7261-8fc3-491f-8823-717118d60efa,2303292135,uuid:a40b7261-8fc3-491f-8823-717118d60efa,36,Q1-297,RIA1,Q1-378,RIA1,Q1-370,RIA1,,,,,,,,,,,,,3,TRUE,FALSE,FALSE,RIA1,,,GIFT-derived,GIFT-derived,Tinh Hung Yen,1_RRD,1,40000,FALSE,FALSE,20.76740559,106.2023055
42,40,4/24/2023 22:18,4/23/2023 16:01,4/23/2023 19:56,23-Apr-23,668fa2006a285b94,1,Quynh luu,Quynh van,23042023,Quan ly,option_4,,16:05:15,2,2,1,Duong nghiep,option_5,,Ko ro,,,,Ko ro,Ko ro,option_1,option_1,option_2,,option_99,50,option_3,option_1,20,1200,4,2,Bao loc,option_5,,Ko ro,,,,Ko ro,Ko ro,option_1,option_1,option_2,,option_99,50,option_3,option_1,20,1200,4,,,,,,,,,,,,,,,,,,,,,,option_2,,option_1,option_2 option_7,0,1,0,0,0,0,1,"Mo hinh, vi sinh",16:14:38,2,1,Duong nghiep,7,-19,4.3,3,3 cơ sở ngẫu nhiên (1:1:1,3,,,,,,,2,Bao loc,7,19.1913599,105.6802924,-19,3.3,25,3 cơ sở ngẫu nhiên (1:1:1,3,,Q1-127,,Q1-367,,Q1-058,,,,,,,,,,,,,,,,,6,16:49:31,9,34,,Giong duong nghiep hien nay ko nuoi vi moi dot chi nuoi 1 dong,vPLgT4JJBcbPzUGUssuxcS,uuid:2cd1854b-45cb-4aa4-80d7-19777474b451,2304211647,uuid:2cd1854b-45cb-4aa4-80d7-19777474b451,69,,,,,,,,,Q1-367,RIA1,Q1-058,RIA1,,,,,,,2,FALSE,TRUE,FALSE,,None,,GIFT-derived,Other,Tinh Nghe An,3_NCCCA,1,5.00E+05,FALSE,FALSE,19.19200611,105.6741388
43,40,10/05/2023 07:14,10/04/2023 16:18,10/04/2023 16:39,04-Oct-23,056cac11318aed22,3,427,17683,41003,Chủ trại cá,option_4,,16:20:05,1,1,1,Bảo lộc,option_3,,Trại ở Hải Phòng,option_2,,31,,,option_1,option_1,option_1,option_3,option_2,3,option_3,option_1,100,1500,6,,,,,,,,,,,,,,,,,,,,,,,,,,,,,,,,,,,,,,,,,,,option_2,,option_2,,,,,,,,,,16:23:32,1,1,Bảo lộc,1,1.9,4.8,4,1 cơ sở,3,Q6-1603,,Q6-1754,,Q6-1577,,,,,,,,,,,,,,,,,,,,,,,,,,,,,,,,,,3,16:38:20,3,14,https://vhlss23test.surveycto.com/view/submission-attachment/1696412312169.jpg?uuid=uuid%3A25cfc5a6-32fc-424e-bc36-e74b48b01914,Tốt,vPLgT4JJBcbPzUGUssuxcS,uuid:25cfc5a6-32fc-424e-bc36-e74b48b01914,2306161529,uuid:25cfc5a6-32fc-424e-bc36-e74b48b01914,82,Q6-1603,RIA1,Q6-1754,RIA1,Q6-1577,RIA1,,,,,,,,,,,,,3,TRUE,FALSE,FALSE,RIA1,,,GIFT-derived,GIFT-derived,Tinh Nghe An,3_NCCCA,1,30000,FALSE,FALSE,18.87178787,105.3392898
44,40,4/25/2023 21:24,4/25/2023 10:33,4/25/2023 15:01,25-Apr-23,668fa2006a285b94,1,Anh son,Long Sơn,25042023,Giam doc,option_4,,10:35:53,1,1,1,Thai Lan,option_4,,Htx hai phong,option_1,387166869,31,Tien lang,Ko ro,option_1,option_1,option_2,,option_99,2,option_3,option_1,10,2000,7,,,,,,,,,,,,,,,,,,,,,,,,,,,,,,,,,,,,,,,,,,,option_2,,option_99,,,,,,,,,,10:59:06,1,1,Thai Lan,4,32.6,4.6,7,3 cơ sở ngẫu nhiên (1:1:1,3,,Q1-293,,Q1-108,,Q1-137,,,,,,,,,,,,,,,,,,,,,,,,,,,,,,,,,3,11:01:30,23,2,https://vhlss23test.surveycto.com/view/submission-attachment/1682395283139.jpg?uuid=uuid%3A9669b5a3-96ae-4809-899c-d73d021dd49c,,vPLgT4JJBcbPzUGUssuxcS,uuid:9669b5a3-96ae-4809-899c-d73d021dd49c,2304241104,uuid:9669b5a3-96ae-4809-899c-d73d021dd49c,73,Q1-293,RIA1,Q1-108,RIA1,Q1-137,RIA1,,,,,,,,,,,,,3,TRUE,FALSE,FALSE,RIA1,,,GIFT-derived,GIFT-derived,Tinh Nghe An,3_NCCCA,1,20000,FALSE,FALSE,18.92221925,105.1443724
45,40,4/25/2023 21:24,4/25/2023 12:53,4/25/2023 15:02,25-Apr-23,668fa2006a285b94,1,"""đô lương""","""thịnh sơn""",25042023,Giám đốc,option_4,,12:56:06,1,1,1,Bao loc,option_4,,Cty hai ha hai phong,option_2,,31,Ko ro,Ko ro,option_2,,,,option_2,400,option_3,option_1,100,800,5,,,,,,,,,,,,,,,,,,,,,,,,,,,,,,,,,,,,,,,,,,,option_2,,option_2,,,,,,,,,,13:05:21,1,1,Bao loc,30,68.1,3.6,7,3 cơ sở ngẫu nhiên (1:1:1,3,,Q1-057,,Q1-072,,Q1-026,,,,,,,,,,,,,,,,,,,,,,,,,,,,,,,,,3,13:25:35,9,20,https://vhlss23test.surveycto.com/view/submission-attachment/1682403920677.jpg?uuid=uuid%3Acef2e272-7649-4989-a0c1-9567f45b8d7a,,vPLgT4JJBcbPzUGUssuxcS,uuid:cef2e272-7649-4989-a0c1-9567f45b8d7a,2304241104,uuid:cef2e272-7649-4989-a0c1-9567f45b8d7a,63,Q1-057,RIA1,Q1-072,RIA1,Q1-026,RIA1,,,,,,,,,,,,,3,TRUE,FALSE,FALSE,RIA1,,,GIFT-derived,GIFT-derived,Tinh Nghe An,3_NCCCA,1,4.00E+06,FALSE,FALSE,18.92078254,105.3725269
46,40,4/26/2023 19:06,4/26/2023 13:33,4/26/2023 18:34,26-Apr-23,668fa2006a285b94,1,Nghĩa dan,Nghĩa đức,26042023,Quan ly bo phan,option_1,,13:37:25,1,1,1,Duong nghiep,option_6,Trung tâm giống thủy sản nghệ An,TT giống nghệ An,option_1,986183656,40,Diễn Châu,Diễn yên,option_1,option_1,option_2,,option_99,10,option_3,option_1,5,1000,3,,,,,,,,,,,,,,,,,,,,,,,,,,,,,,,,,,,,,,,,,,,option_1,Rophi cá của quỹ gen,option_2,,,,,,,,,,13:46:58,1,1,Duong nghiep,17,38.5,3.9,5,3 cơ sở ngẫu nhiên (1:1:1,3,,Q1-591,,Q1-699,,Q1-646,,,,,,,,,,,,,,,,,,,,,,,,,,,,,,,,,3,14:05:42,9,18,https://vhlss23test.surveycto.com/view/submission-attachment/1682493842682.jpg?uuid=uuid%3A1cb94e67-0fef-4581-9bd7-ff949333cc93,Chỉ có một ao là cá giống,vPLgT4JJBcbPzUGUssuxcS,uuid:1cb94e67-0fef-4581-9bd7-ff949333cc93,2304241104,uuid:1cb94e67-0fef-4581-9bd7-ff949333cc93,71,Q1-591,RIA1,Q1-699,RIA1,Q1-646,RIA1,,,,,,,,,,,,,3,TRUE,FALSE,FALSE,RIA1,,,GIFT-derived,GIFT-derived,Tinh Nghe An,3_NCCCA,1,1.00E+05,FALSE,TRUE,19.21425663,105.3076025
47,40,4/25/2023 21:24,4/25/2023 16:22,4/25/2023 17:26,25-Apr-23,668fa2006a285b94,1,Dien chau,Dien yen,25042023,Chu trai,option_4,,16:25:47,2,2,1,Bao loc,option_4,,Vien 1 bà van,option_1,912092538,31,An lao,Ko ro,option_1,option_1,option_2,,option_2,35,option_3,option_1,33,750,1,2,Genomar,option_4,,Ko ro,option_1,915901556,72,Ko ro,Ko ro,option_1,option_1,option_2,,option_2,12,option_3,option_1,50,750,1,,,,,,,,,,,,,,,,,,,,,,option_2,,option_2,,,,,,,,,,16:34:49,2,1,Bao loc,7,7.3,4.5,36,3 cơ sở ngẫu nhiên (1:1:1,3,,Q1-069,,Q1-100,,Q1-294,2,Genomar,7,19.068364,105.581954,0.8,4.6,5,3 cơ sở ngẫu nhiên (1:1:1,3,,Q1-150,,Q1-142,,Q1-172,,,,,,,,,,,,,,,,,6,17:25:07,9,50,https://vhlss23test.surveycto.com/view/submission-attachment/1682418319912.jpg?uuid=uuid%3A24354c01-23eb-4948-9318-87ac558de807,Dong 2 lay đc 25 ngay,vPLgT4JJBcbPzUGUssuxcS,uuid:24354c01-23eb-4948-9318-87ac558de807,2304241104,uuid:24354c01-23eb-4948-9318-87ac558de807,75,Q1-069,RIA1,Q1-100,RIA1,Q1-294,RIA1,Q1-150,GENOGain,Q1-142,GENOGain,Q1-172,GENOGain,,,,,,,6,TRUE,TRUE,FALSE,RIA1,GENOGain,,GIFT-derived,GIFT-derived,Tinh Nghe An,3_NCCCA,1,350000,FALSE,FALSE,19.06179987,105.5759403
48,40,4/24/2023 22:18,4/24/2023 18:05,4/24/2023 18:37,24-Apr-23,668fa2006a285b94,1,Yen thanh,Lien thanh,24042023,Chu trang trai,option_4,,18:07:50,1,1,1,Duong nghiep,option_4,,Hai phong,,,72,Nguyen minh,Tien minh tien lang,option_1,option_1,option_2,,option_99,1,option_3,option_2,0,1000,2,,,,,,,,,,,,,,,,,,,,,,,,,,,,,,,,,,,,,,,,,,,option_2,,option_1,option_2 option_4,0,1,0,1,0,0,0,,18:14:36,1,1,Duong nghiep,1,13.7,4.1,26,1 cơ sở,3,,Q1-151,,Q1-065,,Q1-017,,,,,,,,,,,,,,,,,,,,,,,,,,,,,,,,,3,18:36:37,6,22,https://vhlss23test.surveycto.com/view/submission-attachment/1682336215286.jpg?uuid=uuid%3A902554a5-69c1-4f35-8122-08040e31ff55,,vPLgT4JJBcbPzUGUssuxcS,uuid:902554a5-69c1-4f35-8122-08040e31ff55,2304211647,uuid:902554a5-69c1-4f35-8122-08040e31ff55,15,Q1-151,RIA1,Q1-065,RIA1,Q1-017,RIA1,,,,,,,,,,,,,3,TRUE,FALSE,FALSE,RIA1,,,GIFT-derived,GIFT-derived,Tinh Nghe An,3_NCCCA,1,10000,FALSE,FALSE,18.90863596,105.4403559
49,40,10/05/2023 07:14,10/04/2023 07:44,10/04/2023 10:24,04-Oct-23,056cac11318aed22,3,425,17401,41001,Trại trưởng,option_1,,07:48:27,1,1,1,Bảo lộc,option_4,,Công ty tnhh phương anh,option_2,,22,194,,option_1,option_1,option_1,option_3,option_99,1500000,option_1,option_1,30,1000,3,,,,,,,,,,,,,,,,,,,,,,,,,,,,,,,,,,,,,,,,,,,option_2,,option_2,,,,,,,,,,07:52:05,1,1,Bảo lộc,1,-10,4.9,2,1 cơ sở,3,Q5-1188,,Q6-1730,,Q5-1360,,,,,,,,,,,,,,,,,,,,,,,,,,,,,,,,,,3,10:23:52,3,151,https://vhlss23test.surveycto.com/view/submission-attachment/1696389841947.jpg?uuid=uuid%3A3fbf8f4b-e27b-4c73-85dc-3e8ec940e14d,Tốt,vPLgT4JJBcbPzUGUssuxcS,uuid:3fbf8f4b-e27b-4c73-85dc-3e8ec940e14d,2306161529,uuid:3fbf8f4b-e27b-4c73-85dc-3e8ec940e14d,42,Q5-1188,RIA1,,,Q5-1360,RIA1,,,,,,,,,,,,,2,TRUE,FALSE,FALSE,RIA1,,,GIFT-derived,GIFT-derived,Tinh Nghe An,3_NCCCA,1,1500000,FALSE,FALSE,19.05074783,105.5833129
50,40,10/05/2023 07:14,10/04/2023 11:05,10/04/2023 11:33,04-Oct-23,056cac11318aed22,3,425,17401,41002,Trại trưởng cá,option_1,,11:08:27,1,1,1,Đường nghiệp,option_3,,Trại cá trung tâm thủy sản Nghệ An,option_1,986183656,40,425,17401,option_1,option_2,option_2,,option_2,15,option_3,option_2,0,1000,3,,,,,,,,,,,,,,,,,,,,,,,,,,,,,,,,,,,,,,,,,,,option_2,,option_2,,,,,,,,,,11:13:21,1,1,Đường nghiệp,1,-10.8,4.5,2,1 cơ sở,3,Q5-1402,,Q6-1719,,Q6-1573,,,,,,,,,,,,,,,,,,,,,,,,,,,,,,,,,,3,11:32:59,4,19,https://vhlss23test.surveycto.com/view/submission-attachment/1696393987201.jpg?uuid=uuid%3Acefe4ebb-ad38-43d6-b7fa-0922c2b05120,Tốt,vPLgT4JJBcbPzUGUssuxcS,uuid:cefe4ebb-ad38-43d6-b7fa-0922c2b05120,2306161529,uuid:cefe4ebb-ad38-43d6-b7fa-0922c2b05120,68,Q5-1402,RIA1,Q6-1719,RIA1,Q6-1573,RIA1,,,,,,,,,,,,,3,TRUE,FALSE,FALSE,RIA1,,,GIFT-derived,GIFT-derived,Tinh Nghe An,3_NCCCA,1,150000,FALSE,TRUE,19.08842836,105.6147883
51,42,07/06/2023 20:03,07/06/2023 09:28,07/06/2023 09:37,06-Jul-23,E4881F81-7CE5-4A9C-BD11-E9E9E0116051,3,443,18406,60701,Giám đốc,option_4,,09:30:00,1,1,1,Bảo lộc,option_6,Lấy qua thương lái trung gian,Tên thương lái Phạm Trường,option_1,962734709,31,316,,option_1,option_1,option_2,,option_2,5,option_3,option_1,50,1500,4,,,,,,,,,,,,,,,,,,,,,,,,,,,,,,,,,,,,,,,,,,,option_2,,option_2,,,,,,,,,,09:35:00,1,1,Bảo lộc,1,3.4,8,5,1 cơ sở,3,Q2-860,,Q2-550,,Q2-782,,,,,,,,,,,,,,,,,,,,,,,,,,,,,,,,,,3,09:37:00,5,1,https://vhlss23test.surveycto.com/view/submission-attachment/1688611060988.jpg?uuid=uuid%3A13e36cc1-53ec-4100-8777-a0c4939fedad,,vPLgT4JJBcbPzUGUssuxcS,uuid:13e36cc1-53ec-4100-8777-a0c4939fedad,2306161529,uuid:13e36cc1-53ec-4100-8777-a0c4939fedad,76,Q2-860,RIA1,Q2-550,RIA1,Q2-782,RIA1,,,,,,,,,,,,,3,TRUE,FALSE,FALSE,RIA1,,,GIFT-derived,GIFT-derived,Tinh Ha Tinh,3_NCCCA,1,50000,FALSE,FALSE,18.46507829,105.7878984
52,42,07/06/2023 20:03,07/06/2023 19:41,07/06/2023 20:03,06-Jul-23,E4881F81-7CE5-4A9C-BD11-E9E9E0116051,3,440,18283,60702,Trại trưởng,option_1,,19:43:00,1,1,1,Đường nghiệp,option_3,,Trung tâm khoa học kỹ thuật sản xuất giống thuỷ sản quảng ninh,option_1,2033873580,31,205,,option_1,option_5,option_2,,option_99,50,option_3,option_1,30,1200,3,,,,,,,,,,,,,,,,,,,,,,,,,,,,,,,,,,,,,,,,,,,option_2,,option_2,,,,,,,,,,19:54:00,1,1,Đường nghiệp,1,10.8,35,3,1 cơ sở,3,,Q2-981,,Q2-649,,0,,,,,,,,,,,,,,,,,,,,,,,,,,,,,,,,,3,19:56:00,11,2,https://vhlss23test.surveycto.com/view/submission-attachment/1688648242395.jpg?uuid=uuid%3A813f688a-a4d6-4a44-afc7-5cf1186621c5,"Anh chị lưu ý vì là trại cá giống hiện tại đã xuất hết cá nên trong trại ao chỉ còn xót lại ít cá chưa xác định được có chuẩn dòng cá  đường nghiệp hay không , và vì hết cá nên chỉ có lấy được 2 mẫu xét nghiệm , mẫu thứ 3 không có bỏ trống . Và  vị trí là 18độ30'26.2""N và 105độ36'34.6""E . Và ID TRẠI cá ghi theo ngày ạ",vPLgT4JJBcbPzUGUssuxcS,uuid:813f688a-a4d6-4a44-afc7-5cf1186621c5,2306161529,uuid:813f688a-a4d6-4a44-afc7-5cf1186621c5,87,Q2-981,RIA1,Q2-649,RIA1,,,,,,,,,,,,,,,2,TRUE,FALSE,FALSE,RIA1,,,GIFT-derived,GIFT-derived,Tinh Ha Tinh,3_NCCCA,1,5.00E+05,FALSE,FALSE,18.53769397,105.6316771
53,42,4/25/2023 21:24,4/25/2023 9:07,4/25/2023 14:58,25-Apr-23,668fa2006a285b94,1,Anh son,"""Long Sơn""",25042023,Chu trai,option_2,,09:12:14,2,2,1,Duong nghiep,option_4,,Hai phong,option_1,9.00E+08,31,Ko ro,Ko ro,option_1,option_1,option_2,,option_99,25,option_3,option_1,99,1200,4,2,Bao loc,option_4,,Hai phong,option_1,965811235,31,Ko ro,Ko ro,option_1,option_1,option_2,,option_2,25,option_3,option_1,99,1200,4,,,,,,,,,,,,,,,,,,,,,,option_2,,option_1,option_7,0,0,0,0,0,0,1,Ho trợ đầu ra,09:27:51,2,1,Duong nghiep,19,25.1,4.8,25,3 cơ sở ngẫu nhiên (1:1:1,3,,Q1-428,,Q1-158,,Q1-366,2,Bao loc,2,18.9151187,105.1157558,23.7,3.9,2,2 cơ sở (2:1),3,,,,,,,,,,,,,,,,,,,,,,,6,09:57:14,15,29,https://vhlss23test.surveycto.com/view/submission-attachment/1682391482278.jpg?uuid=uuid%3A19dedb9c-dae0-41f1-9c75-4303b1dab683,Bao loc nho ko lấy dc mau,vPLgT4JJBcbPzUGUssuxcS,uuid:19dedb9c-dae0-41f1-9c75-4303b1dab683,2304241104,uuid:19dedb9c-dae0-41f1-9c75-4303b1dab683,14,Q1-428,RIA1,Q1-158,RIA1,Q1-366,RIA1,,,,,,,,,,,,,3,TRUE,FALSE,FALSE,RIA1,,,GIFT-derived,GIFT-derived,Tinh Ha Tinh,3_NCCCA,1,250000,FALSE,FALSE,18.95584296,105.1133682
54,42,4/24/2023 22:18,4/24/2023 15:07,4/24/2023 16:51,24-Apr-23,668fa2006a285b94,1,Yen thanh,Vinh thanh,24042023,Pho giam doc,option_4,,15:10:57,1,1,1,Bao loc,option_4,,Duc chi,,,30,Duc chi,Ko ro,option_1,option_1,option_2,,option_2,5,option_2,option_1,10,1500,8,,,,,,,,,,,,,,,,,,,,,,,,,,,,,,,,,,,,,,,,,,,option_2,,option_1,option_2 option_4,0,1,0,1,0,0,0,,15:16:14,1,1,Bao loc,1,-16.9,3.9,34,1 cơ sở,3,,Q1-112,,Q1-282,,Q1-419,,,,,,,,,,,,,,,,,,,,,,,,,,,,,,,,,3,16:50:22,5,94,https://vhlss23test.surveycto.com/view/submission-attachment/1682329850634.jpg?uuid=uuid%3Ad69a124a-1db8-4668-a321-a310eca15e31,,vPLgT4JJBcbPzUGUssuxcS,uuid:d69a124a-1db8-4668-a321-a310eca15e31,2304211647,uuid:d69a124a-1db8-4668-a321-a310eca15e31,57,Q1-112,RIA1,Q1-282,RIA1,Q1-419,RIA1,,,,,,,,,,,,,3,TRUE,FALSE,FALSE,RIA1,,,GIFT-derived,GIFT-derived,Tinh Ha Tinh,3_NCCCA,1,5000,FALSE,FALSE,18.95675324,105.5105006
55,44,10/03/2023 21:45,10/03/2023 10:20,10/03/2023 14:41,03-Oct-23,056cac11318aed22,3,457,19270,31002,Chủ trại,option_4,,09:21:58,1,1,1,Bảo Lộc,option_4,,Trại cá Hải Phòng,option_2,,31,,,option_1,option_1,option_1,option_3,option_1,100,option_3,option_1,70,500,5,,,,,,,,,,,,,,,,,,,,,,,,,,,,,,,,,,,,,,,,,,,option_2,,option_2,,,,,,,,,,09:26:48,1,1,Bảo Lộc,1,-9.5,5,3,1 cơ sở,3,Q6-1751,Q6-1751,Q6-1542,Q6-1542,Q6-1741,Q6-1741,,,,,,,,,,,,,,,,,,,,,,,,,,,,,,,,,3,10:51:26,4,84,https://vhlss23test.surveycto.com/view/submission-attachment/1696305150709.jpg?uuid=uuid%3Adb02ba08-5a4b-47e1-8f6a-ee2b363c19e4,Tốt,vPLgT4JJBcbPzUGUssuxcS,uuid:db02ba08-5a4b-47e1-8f6a-ee2b363c19e4,2306161529,uuid:db02ba08-5a4b-47e1-8f6a-ee2b363c19e4,79,Q6-1751,RIA1,Q6-1542,RIA1,Q6-1741,RIA1,,,,,,,,,,,,,3,TRUE,FALSE,FALSE,RIA1,,,GIFT-derived,GIFT-derived,Tinh Quang Binh,3_NCCCA,1,1.00E+06,TRUE,FALSE,17.28396956,106.8213001
56,44,10/03/2023 21:45,10/03/2023 09:02,10/03/2023 14:39,03-Oct-23,056cac11318aed22,3,457,19288,31001,Chủ trại,option_4,,08:20:56,1,1,1,Bảo lộc,option_4,,Công ty bảo lộc Miền Nam,option_2,,51,535,21484,option_1,option_1,option_1,option_3,option_99,2,option_1,option_2,0,1000,4,,,,,,,,,,,,,,,,,,,,,,,,,,,,,,,,,,,,,,,,,,,option_2,,option_2,,,,,,,,,,08:22:50,1,1,Bảo lộc,1,-1.6,4.3,3,1 cơ sở,3,Q5-1365,Q5-1365,Q6-1598,Q6-1598,Q6-1736,Q6-1736,,,,,,,,,,,,,,,,,,,,,,,,,,,,,,,,,3,09:24:23,1,61,https://vhlss23test.surveycto.com/view/submission-attachment/1696301694962.jpg?uuid=uuid%3Ac401ad2d-c322-4a3e-8c8c-d257958fde71,"Rất tốt . 
Trại có giống cá bảo lộc, nhưng trong 12 tháng qua thị trường không bán được cá giống rô phi vì có nhiều tin đồn không hay.",vPLgT4JJBcbPzUGUssuxcS,uuid:c401ad2d-c322-4a3e-8c8c-d257958fde71,2306161529,uuid:c401ad2d-c322-4a3e-8c8c-d257958fde71,52,Q5-1365,03_BEST,Q6-1598,03_BEST,Q6-1736,03_BEST,,,,,,,,,,,,,3,TRUE,FALSE,FALSE,03_BEST,,,Other,Other,Tinh Quang Binh,3_NCCCA,1,2,FALSE,FALSE,17.22049906,106.8942813
57,46,10/09/2023 07:11,10/08/2023 09:19,10/08/2023 09:41,08-Oct-23,056cac11318aed22,3,476,19837,81002,Nhân viên,option_4,,09:22:05,1,1,1,Bảo lộc,option_4,,Trại cá ông liêm,option_1,914006693,46,474,19750,option_1,option_1,option_2,,option_99,5,option_4,option_1,100,1000,5,,,,,,,,,,,,,,,,,,,,,,,,,,,,,,,,,,,,,,,,,,,option_2,,option_2,,,,,,,,,,09:25:33,1,1,Bảo lộc,1,-3.4,4.2,25,1 cơ sở,3,Q6-1755,,Q6-1579,,Q6-1729,,,,,,,,,,,,,,,,,,,,,,,,,,,,,,,,,,3,09:40:36,3,15,https://vhlss23test.surveycto.com/view/submission-attachment/1696732848975.jpg?uuid=uuid%3Aa15a194a-1363-4392-af25-1497ab89fb9a,Tốt,vPLgT4JJBcbPzUGUssuxcS,uuid:a15a194a-1363-4392-af25-1497ab89fb9a,2306161529,uuid:a15a194a-1363-4392-af25-1497ab89fb9a,22,,,Q6-1579,RIA1,Q6-1729,RIA1,,,,,,,,,,,,,2,TRUE,FALSE,FALSE,None,,,GIFT-derived,Other,Tinh Thua Thien Hue,3_NCCCA,1,4500,FALSE,TRUE,16.6102096,107.3964137
58,46,10/09/2023 07:11,10/08/2023 08:20,10/08/2023 08:53,08-Oct-23,056cac11318aed22,3,476,19837,81001,Chủ trại,option_4,,08:22:57,1,1,1,Cá rô phi đơn tính,option_4,,Trại giống ông liêm,option_1,914006693,46,474,19750,option_1,option_1,option_2,,option_99,1,option_4,option_1,100,2000,10,,,,,,,,,,,,,,,,,,,,,,,,,,,,,,,,,,,,,,,,,,,option_2,,option_2,,,,,,,,,,08:28:10,1,1,Cá rô phi đơn tính,3,-3.4,5,15,3 cơ sờ (1:1:1),3,Q6-1727,,Q6-1503,,Q6-1510,,,,,,,,,,,,,,,,,,,,,,,,,,,,,,,,,,3,08:51:27,5,23,https://vhlss23test.surveycto.com/view/submission-attachment/1696729898496.jpg?uuid=uuid%3A3cdb999f-9e8f-427c-8d6a-f17d46647246,Trại cá có duy trì đàn giống nhưng trong 5 năm trở lại đây không bán được cá giống nên để nuôi.,vPLgT4JJBcbPzUGUssuxcS,uuid:3cdb999f-9e8f-427c-8d6a-f17d46647246,2306161529,uuid:3cdb999f-9e8f-427c-8d6a-f17d46647246,85,,,Q6-1503,RIA1,Q6-1510,RIA1,,,,,,,,,,,,,2,TRUE,FALSE,FALSE,None,,,GIFT-derived,Other,Tinh Thua Thien Hue,3_NCCCA,1,900,FALSE,TRUE,16.64770566,107.3506911
59,48,10/25/2023 15:04,10/13/2023 10:42,10/13/2023 10:48,13-Oct-23,056cac11318aed22,3,490,20195,131001,Chủ htx,option_3,,10:44:24,1,1,1,Đường nghiệp,option_1,,Viện thủy sản 1,option_2,,1,20,,option_1,option_4,option_2,,option_99,1,option_3,option_1,4,1000,2,,,,,,,,,,,,,,,,,,,,,,,,,,,,,,,,,,,,,,,,,,,option_2,,option_1,option_1,1,0,0,0,0,0,0,,10:45:46,1,1,Đường nghiệp,1,-3.6,5,30,1 cơ sở,3,Q6-1597,,Q6-1571,,Q6-1529,,,,,,,,,,,,,,,,,,,,,,,,,,,,,,,,,,3,10:47:42,1,1,https://vhlss23test.surveycto.com/view/submission-attachment/1697168886828.jpg?uuid=uuid%3Afa5f8c33-cfc4-409c-813d-15ad4d260e95,Tốt,vPLgT4JJBcbPzUGUssuxcS,uuid:fa5f8c33-cfc4-409c-813d-15ad4d260e95,2306161529,uuid:fa5f8c33-cfc4-409c-813d-15ad4d260e95,41,Q6-1597,RIA1,Q6-1571,RIA1,Q6-1529,RIA1,,,,,,,,,,,,,3,TRUE,FALSE,FALSE,RIA1,,,GIFT-derived,GIFT-derived,Thanh pho Da Nang,3_NCCCA,1,10000,FALSE,FALSE,16.07845496,108.1462873
60,52,10/11/2023 16:27,10/11/2023 14:37,10/11/2023 14:52,11-Oct-23,056cac11318aed22,3,549,21943,111001,Chủ trại,option_4,,14:40:46,1,1,1,Rô phi lưỡng tính đài loan,option_4,,Bá Vương,option_1,935700568,52,549,21946,option_2,,,,option_2,300,option_4,option_1,100,650,2,,,,,,,,,,,,,,,,,,,,,,,,,,,,,,,,,,,,,,,,,,,option_2,,option_2,,,,,,,,,,14:46:03,1,1,Rô phi lưỡng tính đài loan,1,8.2,4.8,10,1 cơ sở,3,Q6-1724,,Q6-1530,,Q6-1707,,,,,,,,,,,,,,,,,,,,,,,,,,,,,,,,,,3,14:50:35,5,4,https://vhlss23test.surveycto.com/view/submission-attachment/1697010690649.jpg?uuid=uuid%3A6742f0a7-689f-4841-8d8d-9f4396a0c077,Tốt,vPLgT4JJBcbPzUGUssuxcS,uuid:6742f0a7-689f-4841-8d8d-9f4396a0c077,2306161529,uuid:6742f0a7-689f-4841-8d8d-9f4396a0c077,39,,,Q6-1530,RIA1,,,,,,,,,,,,,,,1,FALSE,FALSE,FALSE,None,,,GIFT-derived,Other,Tinh Binh Dinh,3_NCCCA,1,270000,FALSE,TRUE,13.86833357,109.1066551
61,52,10/10/2023 18:14,10/10/2023 10:49,10/10/2023 11:36,10-Oct-23,056cac11318aed22,3,542,21613,101001,Tổ trưởng,option_4,,10:52:30,1,1,1,Cá rô phi đơn tính,option_4,,Không nhớ,option_2,,52,543,,option_1,option_4,option_2,,option_99,5,option_4,option_2,0,1000,3,,,,,,,,,,,,,,,,,,,,,,,,,,,,,,,,,,,,,,,,,,,option_2,,option_2,,,,,,,,,,10:58:34,1,1,Cá rô phi đơn tính,1,81.2,4.8,10,1 cơ sở,3,Q6-1709,,Q6-1720,,Q6-1532,,,,,,,,,,,,,,,,,,,,,,,,,,,,,,,,,,3,11:34:58,6,36,https://vhlss23test.surveycto.com/view/submission-attachment/1696912506968.jpg?uuid=uuid%3A314c5183-f249-493a-820a-e72f1218a226,Ok,vPLgT4JJBcbPzUGUssuxcS,uuid:314c5183-f249-493a-820a-e72f1218a226,2306161529,uuid:314c5183-f249-493a-820a-e72f1218a226,60,,,Q6-1720,RIA1,Q6-1532,RIA1,,,,,,,,,,,,,2,TRUE,FALSE,FALSE,None,,,GIFT-derived,Other,Tinh Binh Dinh,3_NCCCA,1,4500,FALSE,TRUE,14.65652625,108.8889333
62,66,07/05/2023 06:00,07/04/2023 10:19,07/04/2023 17:18,04-Jul-23,ca61ed86ba172374,2,643,24169,40702,Chủ trại,option_1,,08:21:07,1,1,1,Rô phi Lai,option_6,Tự sản xuất,Viện ts 1 mua giống cá bố mẹ,option_1,2228273069,27,261,9394,option_2,,,,option_1,10000,option_4,option_1,90,250,4,,,,,,,,,,,,,,,,,,,,,,,,,,,,,,,,,,,,,,,,,,,option_1,"Bảo lộc, Gift, Đường NGHIỆP",option_2,,,,,,,,,,16:05:02,1,1,Rô phi Lai,1,395,5,8,1 cơ sở,3,Q3-1442,,Q2-745,,Q2-566,,,,,,,,,,,,,,,,,,,,,,,,,,,,,,,,,,3,16:10:08,463,5,https://vhlss23test.surveycto.com/view/submission-attachment/1688441778431.jpg?uuid=uuid%3Ae0d3f300-e50e-46ea-92cc-dd698237ac75,"Trại Thành Đạt là trại trước đây thuộc công ty cổ phần thủy sản Đăk Lăk nay đã giao cho tư nhân tự quản lý và kinh doanh. Trong trại bán 1 dòng chủ đạo luôn có là dòng cá rô phi lai từ 3 dòng Bảo Lộc, Gift, Đường Nghiệp sau đó trại tự xử lý đơn tính theo hướng dẫn chung của Viện TS1, nhập cá giống bố mẹ từ Viện. Ngoài ra, tùy theo yêu cầu của khách và số lượng khách đặt hàng trại nhập thêm của thương lái từ các tỉnh miền bắc cá bột về nuôi và xử lý đơn tính tại trại các dòng Bảo Lộc, Đường Nghiệp và Gift. Tại thời điểm ĐTV lấy mẫu trong trại chỉ còn một ít cá lai của 3 dòng trên nuôi tại 1 vuông. Hiện trại có thể cho sinh sản nhiều loài cá khác ngoài rô phi như mè hoa, trắm, ... Do yêu cầu bảo mật nên ko thể cung cấp sdt của bạn hàng.",vPLgT4JJBcbPzUGUssuxcS,uuid:e0d3f300-e50e-46ea-92cc-dd698237ac75,2306161529,uuid:e0d3f300-e50e-46ea-92cc-dd698237ac75,34,Q3-1442,RIA1,,,Q2-566,RIA1,,,,,,,,,,,,,2,TRUE,FALSE,FALSE,RIA1,,,GIFT-derived,GIFT-derived,Tinh Dak Lak,4_Central Highlands,1,9.00E+06,TRUE,FALSE,12.60245549,108.046479
63,66,6/26/2023 14:48,6/25/2023 10:13,6/26/2023 14:48,25-Jun-23,ca61ed86ba172374,2,643,24154,260601,Con của chủ trại,option_4,,08:19:58,2,2,1,Rô phi Đơn tính,option_4,,VŨ TRỌNG NAM,option_2,,66,646,24220,option_1,option_2,option_2,,option_2,1000,option_4,option_1,5,1200,7,2,Rô phi lai,option_3,,Công ty thủy sản Đăk Lăk,option_2,,66,643,24154,option_2,,,,option_1,12000,option_4,option_1,5,350,3.5,,,,,,,,,,,,,,,,,,,,,,option_2,,option_2,,,,,,,,,,11:45:30,2,1,Rô phi Đơn tính,1,379,5,6,1 cơ sở,3,Q3-1053,,Q2-893,,Q4-1586,,2,Rô phi lai,1,12.6420563,108.0139143,396.9,5,3,1 cơ sở,3,Q3-1293,,Q3-1011,,Q3-1359,,,,,,,,,,,,,,,,,,6,14:50:59,205,185,https://vhlss23test.surveycto.com/view/submission-attachment/1687664547705.jpg?uuid=uuid%3A675782c5-5999-45a2-9035-85a42bf4f991,"Trại có bán nhiều loại cá khác nhau, có 2 dòng cá rô phi, chủ trại đi vắng pv con của chủ trại, một số câu hỏi con chủ trại ko biết sẽ hỏi và bổ sung sau. Sdt mẹ 0398602618, 0943088360(bố). Giống đơn tính còn gọi là giống V1 có nguồn gốc tình Bắc Linh lấy qua một trại trung gian ở easup hoặc cầu chui tại Đăk Lăk. Giống Lai lấy cá bột hoặc cá hương từ trại ươm giống ở EaKao Đăk Lăk thuộc công ty cổ phần thủy sản Đăk Lăk",vPLgT4JJBcbPzUGUssuxcS,uuid:675782c5-5999-45a2-9035-85a42bf4f991,2306161529,uuid:675782c5-5999-45a2-9035-85a42bf4f991,17,Q3-1053,RIA1,Q2-893,RIA1,Q4-1586,RIA1,,,Q3-1011,RIA1,Q3-1359,RIA1,,,,,,,5,TRUE,TRUE,FALSE,RIA1,None,,GIFT-derived,GIFT-derived,Tinh Dak Lak,4_Central Highlands,1,9.00E+05,TRUE,TRUE,12.63675035,108.0122724
64,66,07/05/2023 06:00,07/04/2023 09:27,07/04/2023 16:49,04-Jul-23,ca61ed86ba172374,2,643,24169,40701,Chủ trại,option_4,,08:29:26,3,3,1,Rô phi thường,option_1,,VIỆN NGHIÊN CỨU NUÔI TRỒNG THỦY SẢN 1,option_2,,27,261,9394,option_2,,,,option_1,2000,option_4,option_1,50,400,3.5,2,BẢO LỘC,option_5,,Không nhớ tên,option_2,,,,,option_2,,,,option_2,2000,option_4,option_1,60,300,3,3,GIFT,option_6,Tự sản xuất,Tự sản xuất,option_1,905197325,66,643,24169,option_1,option_5,option_1,option_3,option_1,5000,option_4,option_1,60,600,3.5,option_1,Cá rô phi đơn tính Gift,option_2,,,,,,,,,,09:54:32,3,1,Rô phi thường,0,434,5,,3 cơ sở ngẫu nhiên (1:1:1,3,,,,,,,2,BẢO LỘC,0,12.6163316,108.0413284,342,9.1,,3 cơ sở ngẫu nhiên (1:1:1,3,,,,,,,3,GIFT,1,12.61637,108.0413232,401,6.3,6,1 cơ sở,3,Q3-1058,,Q3-1141,,Q3-1271,,9,16:39:16,85,404,https://vhlss23test.surveycto.com/view/submission-attachment/1688440085317.jpg?uuid=uuid%3A7eab4f3c-4ab5-4030-90af-c8cfe19dd1be,"Trại cá giống số 1 thuộc công ty cổ phần thủy sản Đăk Lăk nay đã chia ra cho tư nhân quản lý. Tùy theo nhu cầu người mua của từng thời điểm trại cung cấp 5 loại rô phi gồm rô phi thường, rô phi Gift, rô phi Bảo Lộc, rô phi Thái và rô phi Đường Nghiệp. Cá giống bố mẹ dòng Gift, dòng thường trại nhập từ viện TS 1, về nuôi và cho sinh sản theo hướng dẫn của công ty, tùy theo nhu cầu của khách mua trại sẽ xử lí đơn tính hoặc không. Hoocmon xử lý và công thức xử lý theo hướng dẫn của viện thủy sản 1. 03 dòng còn lại trại nhập cá bột từ thương lái có nguồn gốc từ Trung Quốc vận chuyển bằng đường hàng không do bí mật thương mại ko tiện cung cấp số điện thoại. Tại thời điểm điều tra viên lấy mẫu trại chỉ còn 1 dòng cá Gift nuôi tại 1 vuông, các dòng khác đã bán hết chưa nhập mới do chưa nhận được đơn đặt hàng mới.",vPLgT4JJBcbPzUGUssuxcS,uuid:7eab4f3c-4ab5-4030-90af-c8cfe19dd1be,2306161529,uuid:7eab4f3c-4ab5-4030-90af-c8cfe19dd1be,32,,,,,,,,,,,,,Q3-1058,RIA1,Q3-1141,RIA1,Q3-1271,RIA1,3,FALSE,FALSE,TRUE,,,RIA1,GIFT-derived,GIFT-derived,Tinh Dak Lak,4_Central Highlands,1,1800000,TRUE,FALSE,12.59919029,108.0035715
65,66,10/18/2023 11:43,10/17/2023 21:44,10/18/2023 11:43,17-Oct-23,ca61ed86ba172374,2,643,24151,171002,Chủ trại,option_4,,13:55:15,1,1,1,GIFT,option_4,,Trại cá giống EaKao,option_1,979685439,66,643,24169,option_2,,,,option_1,10000,option_4,option_1,70,650,5,,,,,,,,,,,,,,,,,,,,,,,,,,,,,,,,,,,,,,,,,,,option_2,,option_99,,,,,,,,,,15:40:26,1,1,GIFT,1,441,5,7,1 cơ sở,3,Q5-1145,,Q5-1339,,Q5-1450,,,,,,,,,,,,,,,,,,,,,,,,,,,,,,,,,,3,16:52:19,105,71,https://vhlss23test.surveycto.com/view/submission-attachment/1697602162716.jpg?uuid=uuid%3A27e5ff2f-1990-4140-8148-610edaea8398,"Trại cá chủ yếu làm trung gian giữa vựa lớn và dân, bán cá theo nhu cầu của người mua, đặt loại nào lấy loại đó, trại bán nhiều loại cá rô như Gift chưa xử lú đơn tính, cá rô phi đơn tính, rô phi Đài Loan... tại thời điểm lấy mẫu  trại chỉ có 1 loại rô phi Gift chưa xử lý đơn tính. Trại nhập cá ở nhiều vựa tại Eakao tùy thời điểm khách đặt bán cho dân, cho thương lái khác và cho các trại cá nhỏ hơn.",vPLgT4JJBcbPzUGUssuxcS,uuid:27e5ff2f-1990-4140-8148-610edaea8398,2306161529,uuid:27e5ff2f-1990-4140-8148-610edaea8398,37,Q5-1145,RIA1,Q5-1339,RIA1,Q5-1450,RIA1,,,,,,,,,,,,,3,TRUE,FALSE,FALSE,RIA1,,,GIFT-derived,GIFT-derived,Tinh Dak Lak,4_Central Highlands,1,9.00E+06,TRUE,TRUE,12.65776659,108.0909284
66,66,10/17/2023 21:25,10/17/2023 14:24,10/17/2023 21:24,17-Oct-23,ca61ed86ba172374,2,643,24148,171001,Chủ trại,option_4,,11:27:26,2,2,1,Super Thái,option_6,Trại cá ông Ba Khoa thuộc Tổng công ty nông nghiệp sài gòn,Trại Anh Ba Khoa,option_1,909631511,75,731,26062,option_1,option_1,option_2,,option_99,500,option_4,option_1,25,1000,6,2,Rô phi bảo lộc,option_4,,Thương lái Dũng Yến,option_2,,33,333,12415,option_2,,,,option_99,0,option_4,option_2,,600,7,,,,,,,,,,,,,,,,,,,,,,option_2,,option_2,,,,,,,,,,13:35:22,2,1,Super Thái,1,453.2,5,6,1 cơ sở,3,Q5-1443,,Q5-1244,,Q5-1463,,2,Rô phi bảo lộc,1,12.6737898,108.0477246,453.2,4.9,10,1 cơ sở,3,Q5-1173,,Q5-1040,,Q5-1247,,,,,,,,,,,,,,,,,,6,14:30:23,127,55,https://vhlss23test.surveycto.com/view/submission-attachment/1697529232461.jpg?uuid=uuid%3A9db90b7d-bb45-482e-95c9-b23bfe88848b,"1 năm qua trại có bán 3 dòng cá rô phi đường nghiệp bán được khoảng 1 tấn 1 năm( đã bán hết hiện không còn con nào trong trại), rô phi đơn tính super thái dòng bán chủ yếu của trại hiện nay nhập từ Củ Chi Tp Hcm của trại anh Liêm thuộc công ty sản xuất nông nghiệp và dịch vụ TpHCM sau này công ty giải thể nhập từ trại anh Ba Khoa cũng ở tpHCM. Dòng cá rô phi Bảo Lộc trại vừa mới nhập về chưa bán, dòng này trại nhập thử nghiệm bán từ nguồn của thương lái đăng và bán hàng qua mạng ship tận trại. Theo lời của chủ trại đường nghiệp là giống cá rô phi nhập từ công ty của trung quốc có tên dường nghiệp nhưng dòng cá này có con cá bố mẹ nhập gốc từ philipin.",vPLgT4JJBcbPzUGUssuxcS,uuid:9db90b7d-bb45-482e-95c9-b23bfe88848b,2306161529,uuid:9db90b7d-bb45-482e-95c9-b23bfe88848b,40,Q5-1443,RIA1,Q5-1244,RIA1,Q5-1463,RIA1,Q5-1173,RIA1,Q5-1040,RIA1,Q5-1247,RIA1,,,,,,,6,TRUE,TRUE,FALSE,RIA1,RIA1,,GIFT-derived,GIFT-derived,Tinh Dak Lak,4_Central Highlands,1,450000,FALSE,FALSE,12.6754376,108.0425573
67,67,4/23/2023 19:00,4/23/2023 9:47,4/23/2023 19:00,23-Apr-23,ca61ed86ba172374,2,Cu jut,Nam Dong,230401,Chủ trại,option_4,,10:49:22,1,1,1,Đường Nghiệp,option_4,,Anh Khoa,,,75,Biên Hòa,Tân Vạn,option_1,option_2,option_2,,option_99,400,option_4,option_2,0,1000,2,,,,,,,,,,,,,,,,,,,,,,,,,,,,,,,,,,,,,,,,,,,option_2,,option_2,,,,,,,,,,11:57:59,1,1,Đường Nghiệp,1,315,4.9,2,1 cơ sở,3,,Q1 _437,,Q1-085,,Q1-133,,,,,,,,,,,,,,,,,,,,,,,,,,,,,,,,,3,18:28:57,68,390,,"Mẫu cá nhỏ, lấy mẫu tương đối khó khăn",vPLgT4JJBcbPzUGUssuxcS,uuid:e3204b5f-8a2a-44b7-8cc9-308c55631027,2304211647,uuid:e3204b5f-8a2a-44b7-8cc9-308c55631027,12,Q1-437,RIA1,Q1-085,RIA1,,,,,,,,,,,,,,,2,TRUE,FALSE,FALSE,RIA1,,,GIFT-derived,GIFT-derived,Tinh Dak Nong,4_Central Highlands,,360000,FALSE,FALSE,12.62964989,107.9052845
68,67,4/22/2023 20:28,4/22/2023 14:23,4/22/2023 20:16,22-Apr-23,ca61ed86ba172374,2,Krông Nô,Đăk Đrô,220401,Con chủ trại,option_4,,14:27:57,1,1,1,Đường Nghiệp(cá rô phi chọn giống thế hệ mới),option_1,,Trung tâm chọn giống cá rô phi tam kì_ Quảng Nam,,,49,Tam Kỳ,Tam Ngọc,option_1,option_2,option_2,,option_99,1000,option_4,option_1,60,1000,1.4,,,,,,,,,,,,,,,,,,,,,,,,,,,,,,,,,,,,,,,,,,,option_2,,option_2,,,,,,,,,,18:39:46,1,1,Đường Nghiệp(cá rô phi chọn giống thế hệ mới),1,439.3,5,1,1 cơ sở,3,,Q1-055,,"(Cá nhỏ rộng 1cm, dài 4cm)Q1-368",,(Cá nhỏ)Q1-013,,,,,,,,,,,,,,,,,,,,,,,,,,,,,,,,,3,18:45:37,251,5,,"Trại chỉ còn 1 loại cá nhỏ, rộng 1cm, dài 4cm, lấy mẫu rất khó khăn",vPLgT4JJBcbPzUGUssuxcS,uuid:8563c902-1698-48cd-b683-dd2b9d11758e,2304211647,uuid:8563c902-1698-48cd-b683-dd2b9d11758e,29,Q1-055,RIA1,Q1-368,RIA1,Q1-013,RIA1,,,,,,,,,,,,,3,TRUE,FALSE,FALSE,RIA1,,,GIFT-derived,GIFT-derived,Tinh Dak Nong,4_Central Highlands,,9.00E+05,FALSE,FALSE,12.40747133,107.8713414
69,67,6/26/2023 14:48,6/24/2023 9:22,6/24/2023 10:56,24-Jun-23,ca61ed86ba172374,2,663,24685,240601,Phụ trách trạm,option_1,,09:24:12,1,1,1,Cá rô phi dòng GIFT,option_2,,Viện nuôi trồng thủy sản 2,option_1,988975970,82,819,28426,option_2,,,,option_1,1000,option_4,option_1,30,800,8,,,,,,,,,,,,,,,,,,,,,,,,,,,,,,,,,,,,,,,,,,,option_1,GIFT,option_2,,,,,,,,,,11:26:54,1,1,Cá rô phi dòng GIFT,1,726.8,5,8,1 cơ sở,3,,Q3_1296,Q2-667,,Q3-1102,,,,,,,,,,,,,,,,,,,,,,,,,,,,,,,,,,3,11:35:43,122,8,https://vhlss23test.surveycto.com/view/submission-attachment/1687574127266.jpg?uuid=uuid%3Add1da9d8-cbf6-4861-b5a2-a9bcab825725,"Trạm trực thuộc TT khuyến nông và giống nông lâm nghiệp, sdt viện thủy sản 2 là số anh Khoa người cung cấp cá bố mẹ cho trạm. Đa số trạm bán giống cho dân trong địa bàn tỉnh. Cá gống này có cá bố 5kg, cá mẹ 3kg.",vPLgT4JJBcbPzUGUssuxcS,uuid:dd1da9d8-cbf6-4861-b5a2-a9bcab825725,2306161529,uuid:dd1da9d8-cbf6-4861-b5a2-a9bcab825725,74,Q3-1296,RIA1,Q2-667,RIA1,Q3-1102,RIA1,,,,,,,,,,,,,3,TRUE,FALSE,FALSE,RIA1,,,GIFT-derived,GIFT-derived,Tinh Dak Nong,4_Central Highlands,,9.00E+05,TRUE,FALSE,12.391004,107.6105236
70,70,10/02/2023 22:39,10/02/2023 14:33,10/02/2023 22:36,02-Oct-23,ca61ed86ba172374,2,695,25387,21002,Phó trưởng trại giống,option_1,,14:36:55,1,1,1,Rô phi vằn đơn tính,option_3,,Tt chọn giống cá rô phi,option_1,2356509887,49,502,20389,option_1,option_2,option_1,option_3,option_1,4500,option_4,option_1,60,530,5,,,,,,,,,,,,,,,,,,,,,,,,,,,,,,,,,,,,,,,,,,,option_1,Rô phi vằn,option_1,option_7,0,0,0,0,0,0,1,Hỗ trợ kinh phí nuôi cá bố mẹ,14:46:39,1,1,Rô phi vằn đơn tính,2,93,4.9,25,2 cơ sở (2:1),3,Q5-1459,,Q5-1464,,Q5-1442,,,,,,,,,,,,,,,,,,,,,,,,,,,,,,,,,,3,14:53:56,9,7,https://vhlss23test.surveycto.com/view/submission-attachment/1696233482735.jpg?uuid=uuid%3A26edcd3d-f1e0-4115-9f3f-30c180a71ba7,"Trung tâm hiện tại chỉ bán và sản xuất 1 dòng cá rô phi đơn tính. Dòng này được tạo từ dòng cá bố mẹ là cá rô phi vằn nhập từ Tam Ngọc, Tam Kỳ, Quảng Nam, trung tâm tự xử lí cá đơn tính để bán và nuôi thương phẩm tại TT. Thời gian lấy mẫu TT đã hết giống cá rô phi đơn tính chỉ còn cá thương phẩm. Do trời mưa cán bộ lấy mẫu trước điền phiếu sau do đó đã sơ xuất lấy dư 3 mẫu cá, đã tách riêng mẫu dư và ghi chú lại trong bì ninong. Tổng lấy 6 mẫu cá tại TT này.",vPLgT4JJBcbPzUGUssuxcS,uuid:26edcd3d-f1e0-4115-9f3f-30c180a71ba7,2306161529,uuid:26edcd3d-f1e0-4115-9f3f-30c180a71ba7,55,Q5-1459,RIA1,Q5-1464,RIA1,Q5-1442,RIA1,,,,,,,,,,,,,3,TRUE,FALSE,FALSE,RIA1,,,GIFT-derived,GIFT-derived,Tinh Binh Phuoc,5_South East,,4050000,TRUE,FALSE,11.60098103,106.9645315
71,70,10/02/2023 17:53,10/02/2023 09:29,10/02/2023 17:50,02-Oct-23,ca61ed86ba172374,2,689,25204,21001,Chủ vựa,option_4,,10:32:46,1,1,1,Cá rô phi gift thường,option_2,,Trại cá giống Tân Ba,option_1,963001776,74,723,25939,option_1,option_5,option_2,,option_99,360,option_4,option_2,0,1500,7,2,Gift,option_4,,Trại cá giống Tân Ba,option_1,938001776,74,723,25939,option_2,,,,option_1,200,option_4,option_2,,1000,8,,,,,,,,,,,,,,,,,,,,,,option_2,,option_2,,,,,,,,,,11:49:56,1,1,Cá rô phi gift thường,1,73.8,5,7,1 cơ sở,3,Q5-1404,,Q5-1192,,Q5-1458,,2,Gift,0,11.5286798,106.8947282,74.1,4.9,,3 cơ sở ngẫu nhiên (1:1:1,3,,,,,,,,,,,,,,,,,,,,,,,6,12:10:33,77,20,https://vhlss23test.surveycto.com/view/submission-attachment/1696215035353.jpg?uuid=uuid%3Ae62c5193-4a20-4dc0-80d6-b779732cc30e,Hiện vựa chỉ còn 1 dòng cá là dòng Gift( cá thường ko xử lí đơn tính) dòng xử lý đơn tính đã bán hết chưa nhập mới nên hiện ko có cá,vPLgT4JJBcbPzUGUssuxcS,uuid:e62c5193-4a20-4dc0-80d6-b779732cc30e,2306161529,uuid:e62c5193-4a20-4dc0-80d6-b779732cc30e,56,Q5-1404,RIA1,Q5-1192,RIA1,Q5-1458,RIA1,,,,,,,,,,,,,3,TRUE,FALSE,FALSE,RIA1,,,GIFT-derived,GIFT-derived,Tinh Binh Phuoc,5_South East,,324000,TRUE,FALSE,11.50934269,106.913528
72,72,10/03/2023 22:10,10/03/2023 15:22,10/03/2023 22:09,03-Oct-23,ca61ed86ba172374,2,707,25579,31001,Chủ nông trại,option_4,,15:26:41,1,1,1,1,option_4,,Hợp tác xã 24/7,option_1,917156239,60,594,23237,option_99,,,,option_1,45000,option_4,option_2,0,18000,25,,,,,,,,,,,,,,,,,,,,,,,,,,,,,,,,,,,,,,,,,,,option_2,,option_99,,,,,,,,,,17:35:11,1,1,1,1,20,5,25,1 cơ sở,3,Q5-1066,,Q5-1205,,Q5-1345,,,,,,,,,,,,,,,,,,,,,,,,,,,,,,,,,,3,17:40:19,128,5,https://vhlss23test.surveycto.com/view/submission-attachment/1696322372443.jpg?uuid=uuid%3A732cc1db-47ab-4a91-90e9-a5b3eca94240,"Nông trại rộng 6ha, chủ yếu nuôi thương phẩm để xuất khẩu cá tra, cá ba sa, trước đây có nuôi cá rô phi đơn tính dòng đường nghiệp lấy giống từ hợp tác xã 24/7 Bình Thuận (nay hợp tác xã đã giải thể giao từng tư nhân phụ trách). Giống cá rô phi trong nông trại này được nuôi cho tới khi đạt kích cơ khoảng 23 đến 25cm nặng khoảng 500g thì bán. Hiện chỉ còn sót lại một ít trong nông trại tiếp tục nuôi thương phẩm trong 1 ao tù. Trại ko còn bán giống rô phi nữa.",vPLgT4JJBcbPzUGUssuxcS,uuid:732cc1db-47ab-4a91-90e9-a5b3eca94240,2306161529,uuid:732cc1db-47ab-4a91-90e9-a5b3eca94240,45,Q5-1066,RIA1,Q5-1205,RIA1,Q5-1345,RIA1,,,,,,,,,,,,,3,TRUE,FALSE,FALSE,RIA1,,,GIFT-derived,GIFT-derived,Tinh Tay Ninh,5_South East,,40500000,TRUE,FALSE,11.25564532,106.3233912
73,74,10/05/2023 17:44,10/04/2023 17:41,10/05/2023 17:43,04-Oct-23,ca61ed86ba172374,2,723,25939,2819,Chủ trại,option_3,,16:44:32,3,3,1,Cá rô phi thường,option_4,,Qua thương lái giao trực tiếp,option_1,909631511,74,723,25939,option_2,,,,option_1,1000,option_4,option_1,70,120,7,2,ĐƯỜNG NGHIỆP,option_4,,Vũ Xuân Tiến,option_1,945014618,75,731,26026,option_1,option_5,option_1,option_99,option_99,600,option_4,option_1,70,800,4,3,Rô phi đơn tính,option_6,Thương lái giao trực tiếp,Trại Khoa,option_1,909631511,74,723,25939,option_1,option_4,option_2,,option_1,400,option_4,option_1,80,1100,6,option_2,,option_2,,,,,,,,,,17:06:12,3,1,Cá rô phi thường,1,2.1,5,7,1 cơ sở,3,Q5-1135,,Q5-1270,,Q5-1196,,2,ĐƯỜNG NGHIỆP,1,10.9679298,106.7747701,2.1,4.8,4,1 cơ sở,3,Q5-1388,,Q5-1306,,Q5-1262,,3,Rô phi đơn tính,1,10.9677162,106.7749614,2,4.9,6,1 cơ sở,3,Q5-1400,,Q5-1131,,Q5-1406,,9,19:21:23,21,135,https://vhlss23test.surveycto.com/view/submission-attachment/1696417934839.jpg?uuid=uuid%3A934bea1c-4a56-47ca-b640-1d7213727d9f,"Trại Tân Ba thuộc HTX Tân Ba nay giao cho hộ phụ trách. Hiện trại nhập cá rô phi chưa qua xử lí về tự xử lí đơn tính, giống Đường Nghiệp đã được xử lí đơn tính tại trại khác trại mua về tiếp tục xử lí đơn tính tại trại bằng thuốc có nguồn gốc Trung Quốc( đã chụp hình vỏ thuốc gửi lên nhóm và Quyên). Đa số cá rô phi trại nhập từ thương lái giao trực tiếp tại trại. Thương lái người ngoài bắc nhưng sống ở Đồng Nai.",vPLgT4JJBcbPzUGUssuxcS,uuid:934bea1c-4a56-47ca-b640-1d7213727d9f,2306161529,uuid:934bea1c-4a56-47ca-b640-1d7213727d9f,53,Q5-1135,RIA1,Q5-1270,RIA1,Q5-1196,RIA1,Q5-1388,RIA1,Q5-1306,RIA1,Q5-1262,RIA1,,,Q5-1131,RIA1,Q5-1406,RIA1,8,TRUE,TRUE,TRUE,RIA1,RIA1,None,GIFT-derived,GIFT-derived,Tinh Binh Duong,5_South East,,9.00E+05,TRUE,TRUE,10.93792583,106.740634
74,74,10/05/2023 08:30,10/04/2023 15:14,10/05/2023 08:29,04-Oct-23,ca61ed86ba172374,2,723,25939,41001,Chủ trại,option_4,,14:18:35,1,1,1,Cá rô phi thường,option_4,,Trại Tài,option_1,900000009,79,776,27394,option_2,,,,option_99,500,option_4,option_2,0,300,12,,,,,,,,,,,,,,,,,,,,,,,,,,,,,,,,,,,,,,,,,,,option_2,,option_2,,,,,,,,,,14:35:11,1,1,Cá rô phi thường,1,6,4.6,16,1 cơ sở,3,Q5-1392,,Q5-1039,,Q5-1476,,,,,,,,,,,,,,,,,,,,,,,,,,,,,,,,,,3,14:41:25,16,6,https://vhlss23test.surveycto.com/view/submission-attachment/1696409016348.jpg?uuid=uuid%3A22b85cdb-545e-4d2d-9da1-b32760a3182e,"Trại cá  mua cá giống qua on line hoặc thương lái tới bỏ trực tiếp đặt theo nhu cầu trong dân, chủ trại không biết thương lái có trại hay ko tạm gọi là trại Tài số đt 0903358252. Trước đây có nhập giống cá rô phi đơn tính nhưng gân đây không nhập nữa. Trại bán nhiều giống cá khác nhưng cá rô phi bán rất ít do nhu cầu của dân địa phương không nhiều.",vPLgT4JJBcbPzUGUssuxcS,uuid:22b85cdb-545e-4d2d-9da1-b32760a3182e,2306161529,uuid:22b85cdb-545e-4d2d-9da1-b32760a3182e,70,Q5-1392,RIA1,Q5-1039,RIA1,Q5-1476,RIA1,,,,,,,,,,,,,3,TRUE,FALSE,FALSE,RIA1,,,GIFT-derived,GIFT-derived,Tinh Binh Duong,5_South East,,450000,FALSE,FALSE,10.96640209,106.752585
75,75,10/07/2023 18:06,10/06/2023 13:57,10/07/2023 18:05,06-Oct-23,ca61ed86ba172374,2,741,26446,61001,Chủ trại,option_4,,14:01:45,1,1,1,Rô phi thường,option_4,,TRƯỜNG CAN,option_1,832338841,75,737,26269,option_2,,,,option_1,500,option_4,option_2,0,600,6,,,,,,,,,,,,,,,,,,,,,,,,,,,,,,,,,,,,,,,,,,,option_2,,option_1,option_2,0,1,0,0,0,0,0,,15:18:21,1,1,Rô phi thường,1,112.2,5,6,1 cơ sở,3,Q5-1012,,Q5-1093,,Q5-1149,,,,,,,,,,,,,,,,,,,,,,,,,,,,,,,,,,3,16:11:24,76,53,https://vhlss23test.surveycto.com/view/submission-attachment/1696576701038.jpg?uuid=uuid%3A3b2b7089-8a4c-4d11-9028-4071df6be953,Trại không chỉ bán cá mà còn có nhiều mô hình kinh doanh khác. Cá rô phi thường ở khu vực này được dân thích nuôi vì họ muô s nuôi cá rô có khả năng để trứng để đỡ mua cá giống. Dân nuôi cung cấp cho gđ và phục vụ bán quán kết hợp du lịch.,vPLgT4JJBcbPzUGUssuxcS,uuid:3b2b7089-8a4c-4d11-9028-4071df6be953,2306161529,uuid:3b2b7089-8a4c-4d11-9028-4071df6be953,51,Q5-1012,RIA1,Q5-1093,RIA1,Q5-1149,RIA1,,,,,,,,,,,,,3,TRUE,FALSE,FALSE,RIA1,,,GIFT-derived,GIFT-derived,Tinh Dong Nai,5_South East,,450000,TRUE,TRUE,10.85377213,107.4530286
76,75,10/08/2023 06:20,10/06/2023 15:09,10/07/2023 18:24,06-Oct-23,ca61ed86ba172374,2,741,26446,2177,Chủ trại,option_4,,16:08:31,3,3,1,Rô phi đơn tính,option_3,,trại Liêm,option_1,919584624,79,783,27496,option_1,option_3,option_2,,option_99,200,option_4,option_1,20,500,3,2,Rô phi thường(gift),option_6,Dân ươm nuôi bán trực tiếp cho trại,Mua của dân tự nuôi,option_2,,82,820,28471,option_2,,,,option_1,10,option_2,option_1,50,800,7,3,Super Thái Lan,option_5,,Thái Lan,option_1,919584624,,,,option_1,option_1,option_2,,option_2,300,option_4,option_1,35,1400,2,option_2,,option_2,,,,,,,,,,18:37:21,3,1,Rô phi đơn tính,1,115,6.9,7,1 cơ sở,3,Q5-1215,,Q5-1054,,Q5-1397,,2,Rô phi thường(gift),1,10.8598986,107.4749877,112.9,5.5,7,1 cơ sở,3,Q5-1498,,Q5-1259,,Q5-1304,,3,Super Thái Lan,1,10.8599727,107.4749254,113,5.2,2,1 cơ sở,3,Q5-1315,,Q5-1252,,Q5-1363,,9,18:45:41,148,8,https://vhlss23test.surveycto.com/view/submission-attachment/1696581991626.jpg?uuid=uuid%3A04a65b59-88b0-49a7-828a-766116b333e2,Trại Trường long trước thuộc HTX Gia Ray nay giao tư nhân quản lí. Nơi cung cấp cá là trại Liêm trước đây do anh Phú Hữu quản lí nay giao cho anh Tấn phụ trách. Dòng super Thái Lan nhập trực tiếp từ thương lái theo lời họ giống có nguồn gốc từ Thái Lan. Thương lái tên Tấn 0919584624. Do thời gian lấy mẫu muộn tuyến đg xe di chuyển từ  gấp xuân lộc về tp cá mau quá dài(12 tiếng ) cho kịp chuyến xe nên ĐTV hoàn thiện phiếu trên đoạn đg di chuyển.,vPLgT4JJBcbPzUGUssuxcS,uuid:04a65b59-88b0-49a7-828a-766116b333e2,2306161529,uuid:04a65b59-88b0-49a7-828a-766116b333e2,72,Q5-1215,RIA1,Q5-1054,RIA1,Q5-1397,RIA1,Q5-1498,RIA1,Q5-1259,RIA1,Q5-1304,05_Molobicus,Q5-1315,RIA1,Q5-1252,RIA1,Q5-1363,RIA1,9,TRUE,FALSE,TRUE,RIA1,None,RIA1,GIFT-derived,GIFT-derived,Tinh Dong Nai,5_South East,,180000,TRUE,FALSE,10.88108391,107.453099
77,82,4/25/2023 21:15,4/25/2023 11:48,4/25/2023 21:15,25-Apr-23,ca61ed86ba172374,2,Thị xã Gò Công,Tân Trung,250401,Mẹ vợ của chủ trại,option_4,,13:30:54,1,1,1,Rô phi ghép Đài Loan,option_4,,BÙM,option_1,818827900,82,Thị xã Gò Công,Thạnh Trị,option_2,,,,option_99,500,option_4,option_2,0,500,1,,,,,,,,,,,,,,,,,,,,,,,,,,,,,,,,,,,,,,,,,,,option_2,,option_2,,,,,,,,,,14:03:16,1,1,Rô phi ghép Đài Loan,1,1.5,7,12,1 cơ sở,3,,Q1-053,,Q1-364,,Q1-037,,,,,,,,,,,,,,,,,,,,,,,,,,,,,,,,,3,14:08:05,32,4,https://vhlss23test.surveycto.com/view/submission-attachment/1682399349292.jpg?uuid=uuid%3A7d1ac27e-9777-4153-847a-9b1e661b22e5,Trại cá tên Thanh Hải do chị Yến Loan quản dân thường hay gọi trại cá Tùng nhập cá rô phi từ nhiều nơi chủ yếu từ hộ tự sx Bum tại Thanh Trị- Gò công tây- Tiền Giang,vPLgT4JJBcbPzUGUssuxcS,uuid:7d1ac27e-9777-4153-847a-9b1e661b22e5,2304241104,uuid:7d1ac27e-9777-4153-847a-9b1e661b22e5,10,Q1-053,RIA1,Q1-364,RIA1,Q1-037,RIA1,,,,,,,,,,,,,3,TRUE,FALSE,FALSE,RIA1,,,GIFT-derived,GIFT-derived,Tinh Tien Giang,6_MRD,1,450000,FALSE,TRUE,10.39298692,106.6926658
78,82,4/25/2023 21:18,4/25/2023 13:39,4/25/2023 21:18,25-Apr-23,ca61ed86ba172374,2,Thị xã Gò Công,Phường 3,250402,Chủ trại,option_4,,13:41:07,1,1,1,Rô phi gift,option_4,,Mua từ Hộ gia đình tự sản xuất,option_1,818827900,82,Bùm,Thạnh Trị,option_2,,,,option_99,200,option_4,option_2,0,500,1,,,,,,,,,,,,,,,,,,,,,,,,,,,,,,,,,,,,,,,,,,,option_2,,option_2,,,,,,,,,,14:55:55,1,1,Rô phi gift,1,2.4,12.9,4,1 cơ sở,3,,Q1-130,,Q1_154,,Q1_291,,,,,,,,,,,,,,,,,,,,,,,,,,,,,,,,,3,14:45:07,74,-10,https://vhlss23test.surveycto.com/view/submission-attachment/1682406064516.jpg?uuid=uuid%3Aee28ae59-20cd-4cb8-a6d8-641c69386117,"Trại bán cả cá cảnh, cá giống nhỏ",vPLgT4JJBcbPzUGUssuxcS,uuid:ee28ae59-20cd-4cb8-a6d8-641c69386117,2304241104,uuid:ee28ae59-20cd-4cb8-a6d8-641c69386117,78,Q1-130,RIA1,Q1-154,RIA1,Q1-291,RIA1,,,,,,,,,,,,,3,TRUE,FALSE,FALSE,RIA1,,,GIFT-derived,GIFT-derived,Tinh Tien Giang,6_MRD,1,180000,FALSE,TRUE,10.33344769,106.6829972
79,96,4/27/2023 20:27,4/27/2023 16:57,4/27/2023 17:43,27-Apr-23,0AED3878-A257-4CDA-8785-9CC74942B7FD,4,Cái Nước,Khóm 3,270401,Chủ trại,option_4,,15:58:00,1,1,1,Đài Loan,option_4,,Anh Tùng,option_1,967878951,82,99,99,option_2,,,,option_2,2000,option_4,option_2,0,425,8,,,,,,,,,,,,,,,,,,,,,,,,,,,,,,,,,,,,,,,,,,,option_2,,option_2,,,,,,,,,,16:04:00,1,1,Đài Loan,6,3.8,4.8,8,3 cơ sở ngẫu nhiên (1:1:1,3,Q1-340,,Q1-353,,Q1-117,,,,,,,,,,,,,,,,,,,,,,,,,,,,,,,,,,3,16:18:00,5,14,https://vhlss23test.surveycto.com/view/submission-attachment/1682590737712.jpg?uuid=uuid%3A1a5b8ba7-f4f4-4daf-9c39-65ad65596f46,"Trại mới bắt đầu bán giống cá rô phi được 4 năm. Trước đó chưa bán giống rô phi bao giờ. Người bán cá giống cho trại là một thương lái mua qua bán lại và chỉ cung cấp mỗi 1 giống Đài Loan cho trại, không có giống khác",vPLgT4JJBcbPzUGUssuxcS,uuid:1a5b8ba7-f4f4-4daf-9c39-65ad65596f46,2304241104,uuid:1a5b8ba7-f4f4-4daf-9c39-65ad65596f46,38,Q1-340,RIA1,Q1-353,RIA1,Q1-117,RIA1,,,,,,,,,,,,,3,TRUE,FALSE,FALSE,RIA1,,,GIFT-derived,GIFT-derived,Tinh Ca Mau,6_MRD,1,1800000,FALSE,FALSE,8.942056977,105.0145575
80,96,4/28/2023 18:08,4/28/2023 9:05,4/28/2023 9:30,28-Apr-23,0AED3878-A257-4CDA-8785-9CC74942B7FD,4,Tp Cà Mau,Lý Văn Lâm,280401,Chủ trại,option_4,,09:07:00,1,1,1,Đài Loan,option_4,,Hồng Bảo Cường,option_1,989864319,86,Vĩnh Long,Phú Lộc,option_2,,,,option_2,30,option_4,option_1,33,467,3,,,,,,,,,,,,,,,,,,,,,,,,,,,,,,,,,,,,,,,,,,,option_2,,option_2,,,,,,,,,,09:14:00,1,1,Đài Loan,1,3.8,4.8,5,1 cơ sở,3,Q1-470,,Q1-073,,Q1-159,,,,,,,,,,,,,,,,,,,,,,,,,,,,,,,,,,3,09:29:00,6,15,https://vhlss23test.surveycto.com/view/submission-attachment/1682648974795.jpg?uuid=uuid%3A95a335b2-6fcb-4d25-90d7-ec7850468cf4,"Trại từ khi bán chỉ nhập 1 dòng cá Đài Loan do thị hiếu ở đây dân thích mua dòng này, và nguồn nước ở đây hợp với dòng này",vPLgT4JJBcbPzUGUssuxcS,uuid:95a335b2-6fcb-4d25-90d7-ec7850468cf4,2304241104,uuid:95a335b2-6fcb-4d25-90d7-ec7850468cf4,44,Q1-470,RIA1,Q1-073,RIA1,Q1-159,05_Molobicus,,,,,,,,,,,,,3,FALSE,FALSE,FALSE,None,,,GIFT-derived,Other,Tinh Ca Mau,6_MRD,1,27000,FALSE,FALSE,9.139881699,105.1124983
81,96,6/28/2023 20:34,6/28/2023 14:24,6/28/2023 20:34,28-Jun-23,0AED3878-A257-4CDA-8785-9CC74942B7FD,4,969,32128,280601,Chủ trại,option_4,,13:25:00,1,1,1,Đài Loan,option_4,,Không biết,option_2,,92,,,option_2,,,,option_99,600,option_4,option_2,0,57,5,,,,,,,,,,,,,,,,,,,,,,,,,,,,,,,,,,,,,,,,,,,option_2,,option_2,,,,,,,,,,13:30:00,1,1,Đài Loan,1,3.5,4.9,7,1 cơ sở,3,Q3-1103,,Q2-989,,Q2-704,,,,,,,,,,,,,,,,,,,,,,,,,,,,,,,,,,3,13:40:00,5,10,https://vhlss23test.surveycto.com/view/submission-attachment/1687938064145.jpg?uuid=uuid%3A625ccded-c007-4847-9768-92e2907bd41f,,vPLgT4JJBcbPzUGUssuxcS,uuid:625ccded-c007-4847-9768-92e2907bd41f,2306161529,uuid:625ccded-c007-4847-9768-92e2907bd41f,33,Q3-1103,RIA1,Q2-989,RIA1,Q2-704,RIA1,,,,,,,,,,,,,3,TRUE,FALSE,FALSE,RIA1,,,GIFT-derived,GIFT-derived,Tinh Ca Mau,6_MRD,1,540000,FALSE,FALSE,8.962832352,105.0430481
82,96,07/01/2023 18:20,6/28/2023 14:45,6/30/2023 19:08,28-Jun-23,0AED3878-A257-4CDA-8785-9CC74942B7FD,4,969,32128,300601,Chủ trại,option_4,,11:47:00,1,1,1,Đài loan,option_4,,Không tên,option_2,,96,964,32014,option_2,,,,option_99,150,option_4,option_2,0,67,5,,,,,,,,,,,,,,,,,,,,,,,,,,,,,,,,,,,,,,,,,,,option_2,,option_2,,,,,,,,,,11:51:00,1,1,Đài loan,1,3.8,4.8,5,1 cơ sở,3,Q2-643,,Q4-1530,,Q3-1292,,,,,,,,,,,,,,,,,,,,,,,,,,,,,,,,,,3,12:02:00,4,10,https://vhlss23test.surveycto.com/view/submission-attachment/1687939348768.jpg?uuid=uuid%3A8b94531a-b646-4320-9676-4ed8d8432b0d,,vPLgT4JJBcbPzUGUssuxcS,uuid:8b94531a-b646-4320-9676-4ed8d8432b0d,2306161529,uuid:8b94531a-b646-4320-9676-4ed8d8432b0d,46,Q2-643,RIA1,Q4-1530,RIA1,Q3-1292,RIA1,,,,,,,,,,,,,3,TRUE,FALSE,FALSE,RIA1,,,GIFT-derived,GIFT-derived,Tinh Ca Mau,6_MRD,1,135000,FALSE,TRUE,8.922933822,105.0217363
83,96,4/25/2023 20:43,4/25/2023 17:49,4/25/2023 20:43,25-Apr-23,0AED3878-A257-4CDA-8785-9CC74942B7FD,4,Tp Cà Mau,Lý Văn Lâm,250401,Chủ trại,option_4,,16:51:00,1,1,1,Đài Loan,option_4,,Cá giống Trường,option_2,,86,Long Hồ,99,option_2,,,,option_99,200,option_4,option_2,0,467,6,,,,,,,,,,,,,,,,,,,,,,,,,,,,,,,,,,,,,,,,,,,option_2,,option_2,,,,,,,,,,16:57:00,1,1,Đài Loan,1,5.2,4.8,6,1 cơ sở,3,Q1-344,,Q1-399,,Q1-416,,,,,,,,,,,,,,,,,,,,,,,,,,,,,,,,,,3,17:17:00,5,20,https://vhlss23test.surveycto.com/view/submission-attachment/1682421438951.jpg?uuid=uuid%3Ad8c9664a-b58f-41ec-bbb7-3d2a56efd9a6,"Chủ cơ sở mua giống ở tỉnh khác nhưng tự đến mua nên không có số điện thoại của trại. Lượng giống cá rô phi ít nuôi trông bể 2m2, cá giống nhỏ ( 2-5cm)  không có cá thịt",vPLgT4JJBcbPzUGUssuxcS,uuid:d8c9664a-b58f-41ec-bbb7-3d2a56efd9a6,2304241104,uuid:d8c9664a-b58f-41ec-bbb7-3d2a56efd9a6,30,Q1-344,RIA1,Q1-399,RIA1,Q1-416,RIA1,,,,,,,,,,,,,3,TRUE,FALSE,FALSE,RIA1,,,GIFT-derived,GIFT-derived,Tinh Ca Mau,6_MRD,1,180000,FALSE,FALSE,9.116282994,105.1527478
84,96,4/28/2023 18:08,4/26/2023 18:23,4/28/2023 18:07,26-Apr-23,0AED3878-A257-4CDA-8785-9CC74942B7FD,4,Tp Cà Mau,Lý Văn Lâm,260401,Chủ trại,option_4,,16:25:00,1,1,1,Gift (Đài Loan),option_4,,Không có tên,option_2,,95,Cầu Sập - Bạc Liêu,99,option_2,,,,option_99,100,option_4,option_2,0,467,5,,,,,,,,,,,,,,,,,,,,,,,,,,,,,,,,,,,,,,,,,,,option_2,,option_2,,,,,,,,,,16:26:00,1,1,Gift (Đài Loan),1,4.7,5,6,1 cơ sở,3,Q1-389,,Q1-006,,Q1-105,,,,,,,,,,,,,,,,,,,,,,,,,,,,,,,,,,3,16:26:00,1,0,https://vhlss23test.surveycto.com/view/submission-attachment/1682509353452.jpg?uuid=uuid%3A32cd3c91-35bc-4015-977f-a9dfe0ef2b13,Trại đến tận nơi nhập cá nên không có sđt của bên cung cấp. Trại không rõ ở nơi mua cá ở huyện nào chỉ biết ở gần Cầu Sập - Bạc Liêu,vPLgT4JJBcbPzUGUssuxcS,uuid:32cd3c91-35bc-4015-977f-a9dfe0ef2b13,2304241104,uuid:32cd3c91-35bc-4015-977f-a9dfe0ef2b13,43,Q1-389,RIA1,Q1-006,RIA1,Q1-105,RIA1,,,,,,,,,,,,,3,TRUE,FALSE,FALSE,RIA1,,,GIFT-derived,GIFT-derived,Tinh Ca Mau,6_MRD,1,90000,FALSE,FALSE,9.15862559,105.1714989
85,96,10/09/2023 21:15,10/08/2023 13:29,10/09/2023 21:15,08-Oct-23,ca61ed86ba172374,2,966,32059,81001,Chủ trại,option_4,,17:00:19,1,1,1,Rô phi đơn tính(rô phi lai),option_4,,Hồng Bảo Trường,option_1,907307319,86,860,29737,option_99,,,,option_99,40,option_4,option_2,0,1100,9,,,,,,,,,,,,,,,,,,,,,,,,,,,,,,,,,,,,,,,,,,,option_2,,option_99,,,,,,,,,,16:45:11,1,1,Rô phi đơn tính(rô phi lai),1,-2.4,5.5,9,1 cơ sở,3,Q5-1314,,Q5-1223,,Q5-1120,,,,,,,,,,,,,,,,,,,,,,,,,,,,,,,,,,3,17:32:53,-15,47,https://vhlss23test.surveycto.com/view/submission-attachment/1696748658284.jpg?uuid=uuid%3A1c378ee4-d845-4964-a7f3-1a97dec12470,"Trại nhỏ, mới bán được 4 tháng, bán cá rô phi rất ít do nhu cầu mua cá rô phi ở địa phương không nhiều.",vPLgT4JJBcbPzUGUssuxcS,uuid:1c378ee4-d845-4964-a7f3-1a97dec12470,2306161529,uuid:1c378ee4-d845-4964-a7f3-1a97dec12470,54,Q5-1314,RIA1,Q5-1223,RIA1,Q5-1120,RIA1,,,,,,,,,,,,,3,TRUE,FALSE,FALSE,RIA1,,,GIFT-derived,GIFT-derived,Tinh Ca Mau,6_MRD,1,36000,FALSE,FALSE,9.191185459,105.0137911
86,96,6/22/2023 21:23,6/22/2023 14:19,6/22/2023 21:22,22-Jun-23,0AED3878-A257-4CDA-8785-9CC74942B7FD,4,967,32065,220601,Chủ trại,option_4,,12:20:00,1,1,1,Đài Loan,option_4,,Quýt Dương,option_2,,96,964,32014,option_2,,,,option_99,20,option_4,option_2,0,800,6,,,,,,,,,,,,,,,,,,,,,,,,,,,,,,,,,,,,,,,,,,,option_2,,option_2,,,,,,,,,,12:24:00,1,1,Đài Loan,1,4.9,4.8,6,1 cơ sở,3,Q1-484,,Q2-630,,Q1-233,,,,,,,,,,,,,,,,,,,,,,,,,,,,,,,,,,3,20:13:00,3,469,https://vhlss23test.surveycto.com/view/submission-attachment/1687443363789.jpg?uuid=uuid%3A4af2eea8-a2a8-47ee-ba25-83fccb8e6d9b,"Trại cá An Diện là 1 chuỗi trại cá có cùng thương hiệu bao gồm 12 chi nhánh hoạt động ở nhiều huyện khác nhau. 12 chi nhánh là các chủ trại khác nhau, họ cùng nhau nhập hàng chung để kinh doanh. Q1 đã khảo sát trại giống An Diện 1 ở huyện Cái Nước rồi.",vPLgT4JJBcbPzUGUssuxcS,uuid:4af2eea8-a2a8-47ee-ba25-83fccb8e6d9b,2306161529,uuid:4af2eea8-a2a8-47ee-ba25-83fccb8e6d9b,47,Q1-484,RIA1,Q2-630,RIA1,Q1-233,RIA1,,,,,,,,,,,,,3,TRUE,FALSE,FALSE,RIA1,,,GIFT-derived,GIFT-derived,Tinh Ca Mau,6_MRD,1,18000,FALSE,TRUE,9.307333823,105.1229838
87,96,6/25/2023 21:30,6/23/2023 14:04,6/25/2023 16:17,23-Jun-23,0AED3878-A257-4CDA-8785-9CC74942B7FD,4,967,32092,250601,Chủ trại,option_4,,13:06:00,1,1,1,Đài Loan,option_4,,Trường,option_1,907307319,86,,,option_2,,,,option_99,2000,option_4,option_2,0,700,5,,,,,,,,,,,,,,,,,,,,,,,,,,,,,,,,,,,,,,,,,,,option_2,,option_99,,,,,,,,,,13:12:00,1,1,Đài Loan,1,5.1,4.8,5,1 cơ sở,3,Q1-250,,Q3-1258,,Q2-652,,,,,,,,,,,,,,,,,,,,,,,,,,,,,,,,,,3,13:27:00,5,15,https://vhlss23test.surveycto.com/view/submission-attachment/1687505236452.jpg?uuid=uuid%3A20ab9f16-0810-4a04-91c8-ee477e277d21,,vPLgT4JJBcbPzUGUssuxcS,uuid:20ab9f16-0810-4a04-91c8-ee477e277d21,2306161529,uuid:20ab9f16-0810-4a04-91c8-ee477e277d21,48,Q1-250,RIA1,Q3-1258,RIA1,Q2-652,RIA1,,,,,,,,,,,,,3,TRUE,FALSE,FALSE,RIA1,,,GIFT-derived,GIFT-derived,Tinh Ca Mau,6_MRD,1,1800000,FALSE,FALSE,9.230815114,105.0782167
